z_m,baltic_summer_eta1_Rmax_m,baltic_summer_eta1_T_s,baltic_summer_eta0.2_Rmax_m,baltic_summer_eta0.2_T_s,baltic_winter_eta1_Rmax_m,baltic_winter_eta1_T_s,baltic_winter_eta0.2_Rmax_m,baltic_winter_eta0.2_T_s,north_sea_eta1_Rmax_m,north_sea_eta1_T_s,north_sea_eta0.2_Rmax_m,north_sea_eta0.2_T_s,adriatic_eta1_Rmax_m,adriatic_eta1_T_s,adriatic_eta0.2_Rmax_m,adriatic_eta0.2_T_s,java_sea_eta1_Rmax_m,java_sea_eta1_T_s,java_sea_eta0.2_Rmax_m,java_sea_eta0.2_T_s,indo_reef_eta1_Rmax_m,indo_reef_eta1_T_s,indo_reef_eta0.2_Rmax_m,indo_reef_eta0.2_T_s,T_tabulated_s
2.000000000000e+00,9.936646120149e+00,1.671704309400e+00,5.810985902732e+00,9.776186107468e-01,9.935854617264e+00,1.672574951057e+00,5.810523029037e+00,9.781277650761e-01,9.924523728452e+00,1.684934207209e+00,5.803896685062e+00,9.853555019202e-01,9.924811741066e+00,1.684622663916e+00,5.804065115860e+00,9.851733102970e-01,9.928216648725e+00,1.680926372370e+00,5.806056317939e+00,9.830117058880e-01,9.927393460725e+00,1.681821349320e+00,5.805574914676e+00,9.835350915831e-01,1.781032461827e+00
2.500000000000e+00,9.802924048883e+00,1.616030257180e+00,5.732784761057e+00,9.450602274965e-01,9.801986837567e+00,1.616807557328e+00,5.732236676555e+00,9.455147953805e-01,9.788577417424e+00,1.627826809609e+00,5.724394800084e+00,9.519588932070e-01,9.788918043520e+00,1.627549595214e+00,5.724593999433e+00,9.517967772453e-01,9.792946463631e+00,1.624256077978e+00,5.726949833805e+00,9.498707166817e-01,9.791972470812e+00,1.625053607609e+00,5.726380239349e+00,9.503371148389e-01,1.721463673841e+00
3.000000000000e+00,9.676121185331e+00,1.564278695889e+00,5.658629996601e+00,9.147957308574e-01,9.675053571844e+00,1.564973594887e+00,5.658005652446e+00,9.152021102569e-01,9.659786206987e+00,1.574811291039e+00,5.649077243315e+00,9.209552298671e-01,9.660173772218e+00,1.574564392566e+00,5.649303892837e+00,9.208108427645e-01,9.664759242820e+00,1.571625708395e+00,5.651985492313e+00,9.190922898358e-01,9.663650511702e+00,1.572337345457e+00,5.651337102421e+00,9.195084577140e-01,1.666109011186e+00
3.500000000000e+00,9.555634343229e+00,1.516038326711e+00,5.588168863896e+00,8.865845918227e-01,9.554449646760e+00,1.516660175813e+00,5.587476049198e+00,8.869482513839e-01,9.537516039890e+00,1.525451570753e+00,5.577573215826e+00,8.920894903331e-01,9.537945605234e+00,1.525231586689e+00,5.577824427163e+00,8.919608428722e-01,9.543030422037e+00,1.522606826590e+00,5.580798046068e+00,8.904258738544e-01,9.541800909592e+00,1.523242428365e+00,5.580079022828e+00,8.907975760275e-01,1.614524847271e+00
4.000000000000e+00,9.440932754804e+00,1.470954118620e+00,5.521090968064e+00,8.602191869884e-01,9.439642621824e+00,1.471510955405e+00,5.520336493721e+00,8.605448271160e-01,9.421210195836e+00,1.479372166638e+00,5.509557145611e+00,8.651420913336e-01,9.421677436465e+00,1.479176204474e+00,5.509830389589e+00,8.650274919652e-01,9.427211253322e+00,1.476830251261e+00,5.513066585319e+00,8.636555702033e-01,9.425873144375e+00,1.477398275156e+00,5.512284054459e+00,8.639877525921e-01,1.566328477041e+00
4.500000000000e+00,9.331547160015e+00,1.428717936984e+00,5.457121884171e+00,8.355193181288e-01,9.330161820289e+00,1.429216705435e+00,5.456311732584e+00,8.358109996886e-01,9.310377460733e+00,1.436247948832e+00,5.444741768928e+00,8.399228957711e-01,9.310878566956e+00,1.436073544831e+00,5.445034817625e+00,8.398209036930e-01,9.316817260179e+00,1.433976083136e+00,5.448507786490e+00,8.385943006523e-01,9.315381241489e+00,1.434483823938e+00,5.447667997666e+00,8.388912292746e-01,1.521187933047e+00
5.000000000000e+00,9.227060851111e+00,1.389060993238e+00,5.396017920044e+00,8.123277967375e-01,9.225589327742e+00,1.389507720952e+00,5.395157367957e+00,8.125890446893e-01,9.204582447621e+00,1.395795913665e+00,5.382872469937e+00,8.162664020961e-01,9.205114042943e+00,1.395640970117e+00,5.383183348767e+00,8.161757905599e-01,9.211418783081e+00,1.393765689180e+00,5.386870383167e+00,8.150791196148e-01,9.209894267671e+00,1.394219469768e+00,5.385978841147e+00,8.153444921126e-01,1.478813787471e+00
5.500000000000e+00,9.127102269874e+00,1.351747714463e+00,5.337561787119e+00,7.905068589357e-01,9.125552552857e+00,1.352147656331e+00,5.336655507110e+00,7.907407463590e-01,9.103437619848e+00,1.357768526541e+00,5.323722615830e+00,7.940278511988e-01,9.103996692377e+00,1.357631263066e+00,5.324049563429e+00,7.939475790315e-01,9.110633180602e+00,1.355955209136e+00,5.327930605286e+00,7.929674167473e-01,9.109028492646e+00,1.356360534942e+00,5.326992178077e+00,7.932044527162e-01,1.438952501117e+00
6.000000000000e+00,9.031338847928e+00,1.316570729869e+00,5.281558998231e+00,7.699352335499e-01,9.029718038485e+00,1.316928485285e+00,5.280611143118e+00,7.701444501860e-01,9.006596672337e+00,1.321948294310e+00,5.267089686168e+00,7.730800523122e-01,9.007180516553e+00,1.321827210721e+00,5.267431120337e+00,7.730092422003e-01,9.014118352813e+00,1.320330256386e+00,5.271488391595e+00,7.721338179944e-01,9.012440881015e+00,1.320691941378e+00,5.270507400137e+00,7.723453326611e-01,1.401380988110e+00
6.500000000000e+00,8.939471849755e+00,1.283346743066e+00,5.227834851788e+00,7.505057282004e-01,8.937786281143e+00,1.283666352015e+00,5.226849125283e+00,7.506926366477e-01,8.913749004832e+00,1.288143309283e+00,5.212792040821e+00,7.533107771407e-01,8.914355171357e+00,1.288037158260e+00,5.213146529156e+00,7.532486996458e-01,8.921567328906e+00,1.286701563670e+00,5.217364224476e+00,7.524676391916e-01,8.919823654510e+00,1.287023833797e+00,5.216344517504e+00,7.526561039049e-01,1.365902143906e+00
7.000000000000e+00,8.851232030320e+00,1.251913112231e+00,5.176231892339e+00,7.321232293728e-01,8.849487369574e+00,1.252198134369e+00,5.175211608545e+00,7.322899113302e-01,8.824615079612e+00,1.256183567216e+00,5.160666205137e+00,7.346206065984e-01,8.825241331046e+00,1.256091335569e+00,5.161032439198e+00,7.345666692037e-01,8.832703717594e+00,1.254901382170e+00,5.165396469325e+00,7.338707802348e-01,8.830899721833e+00,1.255187960804e+00,5.164341486204e+00,7.340383724364e-01,1.332341142516e+00
7.500000000000e+00,8.766375958853e+00,1.222125000101e+00,5.126607760706e+00,7.147030357218e-01,8.764577293009e+00,1.222378579941e+00,5.125555894539e+00,7.148513301116e-01,8.738942500458e+00,1.225917906315e+00,5.110564576913e+00,7.169211407316e-01,8.739586771676e+00,1.225838804097e+00,5.110941349006e+00,7.168748814741e-01,8.747277861681e+00,1.224780485659e+00,5.115439125726e+00,7.162559730967e-01,8.745418816452e+00,1.225034664588e+00,5.114351949481e+00,7.164046178361e-01,1.300542352372e+00
8.000000000000e+00,8.684682890781e+00,1.193852985746e+00,5.078833364679e+00,6.981694614280e-01,8.682834800431e+00,1.194077906347e+00,5.077752594887e+00,6.983009957932e-01,8.656502683581e+00,1.197211448020e+00,5.062353479536e+00,7.001335020804e-01,8.657163045085e+00,1.197144905083e+00,5.062739661286e+00,7.000945875345e-01,8.665063571037e+00,1.196205663950e+00,5.067359916891e+00,6.995453159883e-01,8.663154215807e+00,1.196430362675e+00,5.066243319179e+00,6.996767205996e-01,1.270366753156e+00
8.500000000000e+00,8.605952093356e+00,1.166981052981e+00,5.032791315036e+00,6.824546598150e-01,8.604058715839e+00,1.167179779919e+00,5.031684061148e+00,6.825708760335e-01,8.577088017291e+00,1.169943445849e+00,5.015911500954e+00,6.841870776737e-01,8.577762640390e+00,1.169889115707e+00,5.016306022936e+00,6.841553052140e-01,8.585855333484e+00,1.169057614592e+00,5.021038658567e+00,6.836690404118e-01,8.583899940827e+00,1.169255430099e+00,5.019895138005e+00,6.837847236221e-01,1.241689760813e+00
9.000000000000e+00,8.530000548822e+00,1.141404887849e+00,4.988374582344e+00,6.674976277104e-01,8.528065632968e+00,1.141579604760e+00,4.987243036689e+00,6.675998027800e-01,8.500509427486e+00,1.144005468102e+00,4.971128069963e+00,6.690184562687e-01,8.501196550161e+00,1.143963239207e+00,4.971529901741e+00,6.689937606611e-01,8.509465922790e+00,1.143229160635e+00,4.976365860191e+00,6.685644689077e-01,8.507468354495e+00,1.143402409375e+00,4.975197675166e+00,6.686657853857e-01,1.214399387225e+00
9.500000000000e+00,8.456660973394e+00,1.117030431209e+00,4.945485338451e+00,6.532433589958e-01,8.454687927429e+00,1.117183067758e+00,4.944331494171e+00,6.533326213910e-01,8.426594281902e+00,1.119299855309e+00,4.927902230601e+00,6.545705262606e-01,8.427292174284e+00,1.119269869910e+00,4.928310360542e+00,6.545529906929e-01,8.435724338377e+00,1.118623736941e+00,4.933241520018e+00,6.541751298403e-01,8.433688093680e+00,1.118774490387e+00,4.932050716895e+00,6.542632909902e-01,1.188394675733e+00
1.000000000000e+01,8.385780101648e+00,1.093772643105e+00,4.904033953194e+00,6.396421220019e-01,8.383772035660e+00,1.093904895838e+00,4.902859629081e+00,6.397194638696e-01,8.355184578559e+00,1.095738404987e+00,4.886141582750e+00,6.407917065244e-01,8.355891507015e+00,1.095721085749e+00,4.886554997019e+00,6.407815781729e-01,8.364474023488e+00,1.095154098813e+00,4.891574083100e+00,6.404500022011e-01,8.362402280717e+00,1.095284213697e+00,4.890362520578e+00,6.405260938470e-01,1.163584365323e+00
1.050000000000e+01,8.317217195004e+00,1.071554443909e+00,4.863938122152e+00,6.266488402903e-01,8.315176959214e+00,1.071667790057e+00,4.862744985024e+00,6.267151255196e-01,8.286135373782e+00,1.073241245439e+00,4.845761362834e+00,6.276352878088e-01,8.286849562640e+00,1.073237329746e+00,4.846179023012e+00,6.276329978980e-01,8.295571318235e+00,1.072741215645e+00,4.851279536626e+00,6.273428686114e-01,8.293466970901e+00,1.072852359775e+00,4.850048906840e+00,6.274078660934e-01,1.139885745251e+00
1.100000000000e+01,8.250842740163e+00,1.050305803904e+00,4.825122105488e+00,6.142225602328e-01,8.248772960183e+00,1.050401507772e+00,4.823911690813e+00,6.142785281940e-01,8.219313413076e+00,1.051735867532e+00,4.806683643153e+00,6.150588665159e-01,8.220033003150e+00,1.051746448838e+00,4.807104461981e+00,6.150650545011e-01,8.228884111641e+00,1.051313319279e+00,4.812280621627e+00,6.148117587983e-01,8.226749799837e+00,1.051406993653e+00,4.811032468512e+00,6.148665399044e-01,1.117223669080e+00
1.150000000000e+01,8.186537309183e+00,1.029962958189e+00,4.787516061318e+00,6.023259918892e-01,8.184440419431e+00,1.030042069342e+00,4.786289792753e+00,6.023722563721e-01,8.154595934503e+00,1.031156289103e+00,4.768836632089e+00,6.030238560415e-01,8.155318937744e+00,1.031182863672e+00,4.769259446949e+00,6.030393969437e-01,8.164290662987e+00,1.030805082328e+00,4.774506143700e+00,6.028184690731e-01,8.162128800803e+00,1.030882640132e+00,4.773241879025e+00,6.028638251523e-01,1.095529702740e+00
1.200000000000e+01,8.124190557590e+00,1.010467728079e+00,4.751055459803e+00,5.909251121591e-01,8.122068834063e+00,1.010531070022e+00,4.749814668357e+00,5.909621547520e-01,8.091869619343e+00,1.011442331192e+00,4.732154060453e+00,5.914950635172e-01,8.092593869310e+00,1.011486846874e+00,4.732577604403e+00,5.915210964460e-01,8.101678567800e+00,1.011156906136e+00,4.737890368309e+00,5.913281459318e-01,8.099491367352e+00,1.011219569126e+00,4.736611285728e+00,5.913647914707e-01,1.074741385749e+00
1.250000000000e+01,8.063700340673e+00,9.917669335410e-01,4.715680566352e+00,5.799888211694e-01,8.061555934410e+00,9.918150810725e-01,4.714426509962e+00,5.800169780166e-01,8.031029669011e+00,9.925389889821e-01,4.696574641660e+00,5.804403219303e-01,8.031752767386e+00,9.926038901090e-01,4.696997512156e+00,5.804782763396e-01,8.040943847870e+00,9.923143016437e-01,4.702372488629e+00,5.803089239777e-01,8.038733340430e+00,9.923631742922e-01,4.701079776036e+00,5.803375048759e-01,1.054801588390e+00
1.300000000000e+01,8.004971931261e+00,9.738118838812e-01,4.681335984181e+00,5.694886444302e-01,8.002806903987e+00,9.738451268225e-01,4.680069868550e+00,5.695080850202e-01,7.971978990560e+00,9.743958832273e-01,4.662041595411e+00,5.698301693196e-01,7.972698250876e+00,9.744841421968e-01,4.662462221396e+00,5.698817834781e-01,7.981990148020e+00,9.742273492442e-01,4.667896155810e+00,5.697316100484e-01,7.979758202656e+00,9.742634309965e-01,4.666590906243e+00,5.697527107852e-01,1.035657950556e+00
1.350000000000e+01,7.947917324823e+00,9.565579359437e-01,4.647970247927e+00,5.593984744655e-01,7.945733688465e+00,9.565762266520e-01,4.646693249637e+00,5.594091709366e-01,7.914627475961e+00,9.569667803806e-01,4.628502226212e+00,5.596375681426e-01,7.915339866970e+00,9.570819021158e-01,4.628918835001e+00,5.597048917418e-01,7.924728025072e+00,9.568502261039e-01,4.634409063165e+00,5.595694067881e-01,7.922476365163e+00,9.568744220120e-01,4.633092284462e+00,5.595835566411e-01,1.017262390366e+00
1.400000000000e+01,7.892454619870e+00,9.399641103164e-01,4.615535461308e+00,5.496943463697e-01,7.890254381851e+00,9.399669926418e-01,4.614248754309e+00,5.496960319638e-01,7.858891362584e+00,9.402091715441e-01,4.595907549377e+00,5.498376590451e-01,7.859593455493e+00,9.403551524366e-01,4.596318135801e+00,5.499230291889e-01,7.869074316709e+00,9.401407912653e-01,4.601862577075e+00,5.497976700154e-01,7.866804534609e+00,9.401539212318e-01,4.600535200450e+00,5.498053484664e-01,9.995706726041e-01
1.450000000000e+01,7.838507463524e+00,9.239927563732e-01,4.583986972892e+00,5.403542419231e-01,7.836292679837e+00,9.239792751290e-01,4.582691759534e+00,5.403463580437e-01,7.804692664246e+00,9.240839019743e-01,4.564211958311e+00,5.404075441939e-01,7.805380590151e+00,9.242651216224e-01,4.564614259821e+00,5.405135220871e-01,7.814951579792e+00,9.240602204376e-01,4.570211408517e+00,5.403936951473e-01,7.812665149906e+00,9.240630272631e-01,4.568874296208e+00,5.403953365888e-01,9.825420286332e-01
1.500000000000e+01,7.786004553887e+00,9.086092559489e-01,4.553283085075e+00,5.313579162998e-01,7.783777391768e+00,9.085778496213e-01,4.551980632766e+00,5.313395497680e-01,7.751958663777e+00,9.085548441730e-01,4.533372927755e+00,5.313260961002e-01,7.752628089815e+00,9.087758687841e-01,4.533764410478e+00,5.314553520769e-01,7.762287589229e+00,9.085726836414e-01,4.539413320003e+00,5.313365286846e-01,7.759985879711e+00,9.085658400385e-01,4.538067272111e+00,5.313325265214e-01,9.661388207150e-01
1.550000000000e+01,7.734879192665e+00,8.937817525603e-01,4.523384792457e+00,5.226867397155e-01,7.732642003916e+00,8.937301395260e-01,4.522076476540e+00,5.226565562299e-01,7.700621459348e+00,8.935886086758e-01,4.503350748479e+00,5.225737884866e-01,7.701267593710e+00,8.938538928321e-01,4.503728610146e+00,5.227289276023e-01,7.711014889809e+00,8.936450599333e-01,4.509428863485e+00,5.226068013823e-01,7.708699173063e+00,8.936291746476e-01,4.508074624117e+00,5.225975116108e-01,9.503262447987e-01
1.600000000000e+01,7.685068883662e+00,8.794808880094e-01,4.494255547043e+00,5.143235433918e-01,7.682824287766e+00,8.794059699880e-01,4.492942899400e+00,5.142797310670e-01,7.650617557934e+00,8.791542875435e-01,4.474108289536e+00,5.141325462806e-01,7.651235193946e+00,8.794677791310e-01,4.474469485267e+00,5.143158772731e-01,7.661070394471e+00,8.792466843095e-01,4.480221145426e+00,5.141865802372e-01,7.658741856608e+00,8.792223074664e-01,4.478859408223e+00,5.141723245728e-01,9.350720667013e-01
1.650000000000e+01,7.636514975431e+00,8.656795215780e-01,4.465861049258e+00,5.062524553403e-01,7.634265947928e+00,8.655773488259e-01,4.464545809995e+00,5.061927043524e-01,7.601887510209e+00,8.652232263061e-01,4.445610784750e+00,5.059856122465e-01,7.602471117170e+00,8.655879078292e-01,4.445952080171e+00,5.061988792950e-01,7.612395023412e+00,8.653491226153e-01,4.451755615748e+00,5.060592368548e-01,7.610054772797e+00,8.653167503981e-01,4.450387028886e+00,5.060403054674e-01,9.203463873725e-01
1.700000000000e+01,7.589162349506e+00,8.523524022831e-01,4.438169065626e+00,4.984587086968e-01,7.586912304983e+00,8.522182711371e-01,4.436853231607e+00,4.983802683268e-01,7.554375581952e+00,8.517688207287e-01,4.417825640550e+00,4.981174281335e-01,7.554919444539e+00,8.521862530600e-01,4.418143693320e+00,4.983615440417e-01,7.564933379186e+00,8.519259708962e-01,4.423999877828e+00,4.982093301090e-01,7.562582454194e+00,8.518860496457e-01,4.422625048552e+00,4.981859840200e-01,9.061214335572e-01
1.750000000000e+01,7.542959158660e+00,8.394757703927e-01,4.411149275708e+00,4.909284086856e-01,7.540712009237e+00,8.393045446319e-01,4.409835134753e+00,4.908282752533e-01,7.508029457704e+00,8.387663352910e-01,4.390722262670e+00,4.905135285214e-01,7.508527856973e+00,8.392362942405e-01,4.391013728331e+00,4.907883621823e-01,7.518633453617e+00,8.389526761329e-01,4.396923517099e+00,4.906225013068e-01,7.516272829687e+00,8.389056059523e-01,4.395543015850e+00,4.905949744982e-01,8.923713706937e-01
1.800000000000e+01,7.497856620628e+00,8.270268948548e-01,4.384773151459e+00,4.836482621069e-01,7.495616781865e+00,8.268136331680e-01,4.383463285804e+00,4.835235459159e-01,7.462799972994e+00,8.261927407083e-01,4.364271899554e+00,4.831604458028e-01,7.463247392237e+00,8.267130369558e-01,4.364533551914e+00,4.834647168941e-01,7.473446362892e+00,8.264063757361e-01,4.370497946136e+00,4.832853803249e-01,7.471076958971e+00,8.263525136748e-01,4.369112310317e+00,4.832538816004e-01,8.790721353326e-01
1.850000000000e+01,7.453808868461e+00,8.149836199313e-01,4.359013869726e+00,4.766053122064e-01,7.451581180385e+00,8.147245163059e-01,4.357711109836e+00,4.764537874871e-01,7.418640871916e+00,8.140265681912e-01,4.338447500582e+00,4.760456249535e-01,7.419032203154e+00,8.145931082360e-01,4.338676352479e+00,4.763769395816e-01,7.429326107676e+00,8.142657535338e-01,4.344696264362e+00,4.761855013904e-01,7.426948792114e+00,8.142054164209e-01,4.343306001788e+00,4.761502160328e-01,8.662012847310e-01
1.900000000000e+01,7.410772846221e+00,8.033240814307e-01,4.333846251243e+00,4.697867727274e-01,7.408562385792e+00,8.030175629975e-01,4.332553566143e+00,4.696075196603e-01,7.375508587253e+00,8.022477784561e-01,4.313223587494e+00,4.691573469295e-01,7.375839312132e+00,8.028548654728e-01,4.313416996576e+00,4.695123735706e-01,7.386229355482e+00,8.025109102935e-01,4.319493130788e+00,4.693112273615e-01,7.383844951449e+00,8.024443772881e-01,4.318098722850e+00,4.692723186239e-01,8.537378615955e-01
1.950000000000e+01,7.368708219511e+00,7.920267899459e-01,4.309246708313e+00,4.631800765883e-01,7.366520009024e+00,7.916744177740e-01,4.307967035057e+00,4.629740080921e-01,7.333362040721e+00,7.908376437602e-01,4.288576137561e+00,4.624846596803e-01,7.333628364205e+00,7.914784555798e-01,4.288731884479e+00,4.628594087058e-01,7.344115242911e+00,7.911232470815e-01,4.294864648350e+00,4.626516815158e-01,7.341724533371e+00,7.910507620035e-01,4.293466552930e+00,4.626092919850e-01,8.416622722181e-01
2.000000000000e+01,7.327577255665e+00,7.810711644767e-01,4.285193174738e+00,4.567731879473e-01,7.325415914698e+00,7.806778980106e-01,4.283929214873e+00,4.565432043228e-01,7.292162461162e+00,7.797786414655e-01,4.264482477274e+00,4.560173159050e-01,7.292361386351e+00,7.804457844585e-01,4.264598809430e+00,4.564074634940e-01,7.302945195619e+00,7.800853599808e-01,4.270788258638e+00,4.561966859808e-01,7.300548927914e+00,7.800071334887e-01,4.269386912782e+00,4.561509388507e-01,8.299561764762e-01
2.050000000000e+01,7.287344635378e+00,7.704383269566e-01,4.261664995663e+00,4.505550668440e-01,7.285214060322e+00,7.700119010292e-01,4.260419027812e+00,4.503056914489e-01,7.251873218822e+00,7.690543578248e-01,4.240921185421e+00,4.497457167859e-01,7.252002562638e+00,7.697403935042e-01,4.240996826144e+00,4.501469128850e-01,7.262682764186e+00,7.693809448828e-01,4.247242645899e+00,4.499367060561e-01,7.260281654248e+00,7.692971565626e-01,4.245838468289e+00,4.498877063491e-01,8.186023883667e-01
2.100000000000e+01,7.247977192737e+00,7.601117331427e-01,4.238642775545e+00,4.445160381466e-01,7.245880349393e+00,7.596613199540e-01,4.237416534119e+00,4.442526349160e-01,7.212459674048e+00,7.586494008528e-01,4.217872004612e+00,4.436608610356e-01,7.212518032933e+00,7.593472705759e-01,4.217906133095e+00,4.440689777255e-01,7.223293474229e+00,7.589947112278e-01,4.224207649393e+00,4.438627997680e-01,7.220888210453e+00,7.589055116590e-01,4.222801042603e+00,4.438106355437e-01,8.075847859116e-01
2.150000000000e+01,7.209443624025e+00,7.500772771772e-01,4.216108207859e+00,4.386478526993e-01,7.207382496974e+00,7.496119673723e-01,4.214902853447e+00,4.383757378746e-01,7.173889038942e+00,7.485493212858e-01,4.195315760367e+00,4.377542986734e-01,7.173875718858e+00,7.492526354950e-01,4.195307970735e+00,4.381655993180e-01,7.184744689340e+00,7.489123037101e-01,4.201664183232e+00,4.379665720828e-01,7.182335936119e+00,7.488178165758e-01,4.200255535803e+00,4.379113156715e-01,7.968882294161e-01
2.200000000000e+01,7.171714224166e+00,7.403228546735e-01,4.194043920971e+00,4.329434318140e-01,7.169689906514e+00,7.398505059642e-01,4.192860092827e+00,4.326672006130e-01,7.136130250684e+00,7.387405407566e-01,4.173234287039e+00,4.320180890218e-01,7.136045176547e+00,7.394437352876e-01,4.173184535382e+00,4.324293196783e-01,7.147005485558e+00,7.391202310871e-01,4.179594162975e+00,4.322401332741e-01,7.144593886498e+00,7.390205553940e-01,4.178183851290e+00,4.321818425752e-01,7.864984871876e-01
2.250000000000e+01,7.134760690688e+00,7.308376829231e-01,4.172433363495e+00,4.273964697243e-01,7.132773556809e+00,7.303643853674e-01,4.171271280553e+00,4.271196836347e-01,7.099153855369e+00,7.292102864192e-01,4.151610359880e+00,4.264447624754e-01,7.098997472918e+00,7.299086704959e-01,4.151518906868e+00,4.268531799611e-01,7.110046536258e+00,7.296058013353e-01,4.157980438308e+00,4.266760610015e-01,7.107632717066e+00,7.295010138069e-01,4.156568828281e+00,4.266147808832e-01,7.764021679299e-01
2.300000000000e+01,7.098555999268e+00,7.216117093062e-01,4.151260731511e+00,4.220010876227e-01,7.096605898124e+00,7.211417846266e-01,4.150120305444e+00,4.217262740030e-01,7.062931901356e+00,7.199465313515e-01,4.130427632671e+00,4.210272856473e-01,7.062705080922e+00,7.206362597142e-01,4.130294987276e+00,4.214306412407e-01,7.073840006457e+00,7.203570624907e-01,4.136806731232e+00,4.212673657140e-01,7.071424577489e+00,7.202472201939e-01,4.135394179803e+00,4.212031295491e-01,7.665866591196e-01
2.350000000000e+01,7.063074329850e+00,7.126352615073e-01,4.130510925360e+00,4.167516291047e-01,7.061160756609e+00,7.121715596538e-01,4.129391860940e+00,4.164804546157e-01,7.027437841205e+00,7.109379401430e-01,4.109670580374e+00,4.157590295493e-01,7.027141789283e+00,7.116159397835e-01,4.109497448160e+00,4.161555261444e-01,7.038359455630e+00,7.113627485917e-01,4.116057579236e+00,4.160074590372e-01,7.035943014099e+00,7.112478918452e-01,4.114644435656e+00,4.159402904044e-01,7.570400707552e-01
2.400000000000e+01,7.028291017612e+00,7.038989167791e-01,4.110169520964e+00,4.116425837142e-01,7.026413246235e+00,7.034431951907e-01,4.109071393601e+00,4.113760761125e-01,6.992646441416e+00,7.021738191501e-01,4.089324446351e+00,4.106337405007e-01,6.992282623001e+00,7.028376944997e-01,4.089111684050e+00,4.110219771603e-01,7.003579748265e+00,7.026122302161e-01,4.095718282983e+00,4.108901248475e-01,7.001162880080e+00,7.024923858195e-01,4.094304889894e+00,4.108200394191e-01,7.477511839374e-01
2.450000000000e+01,6.994182510801e+00,6.953934974499e-01,4.090222745176e+00,4.066685843163e-01,6.992339687558e+00,6.949467608233e-01,4.089145055606e+00,4.064073311522e-01,6.958533699239e+00,6.936440709627e-01,4.069375193705e+00,4.056455135002e-01,6.958103771794e+00,6.942920038540e-01,4.069123770610e+00,4.060244269537e-01,6.969476971428e+00,6.940954691675e-01,4.075774858104e+00,4.059094927718e-01,6.967060252647e+00,6.939706539683e-01,4.074361552387e+00,4.058365004005e-01,7.387094038018e-01
2.500000000000e+01,6.960726327154e+00,6.871101118115e-01,4.070657450289e+00,4.018244310085e-01,6.958917532683e+00,6.866728706493e-01,4.069599660865e+00,4.015687308256e-01,6.925076765901e+00,6.853391526796e-01,4.049809460396e+00,4.007887678254e-01,6.924582524565e+00,6.859698069418e-01,4.049520426309e+00,4.011575766753e-01,6.936028358706e+00,6.858029769227e-01,4.056213990720e+00,4.010600138882e-01,6.933612356589e+00,6.856732017173e-01,4.054801104112e+00,4.009841208877e-01,7.299047163785e-01
2.550000000000e+01,6.927901007032e+00,6.790401959957e-01,4.051461086629e+00,3.971051156102e-01,6.926125295895e+00,6.786126462446e-01,4.050422644457e+00,3.968550829990e-01,6.892253875694e+00,6.772500376435e-01,4.030614517759e+00,3.960582246550e-01,6.891697208611e+00,6.778624734287e-01,4.030288976874e+00,3.964163792749e-01,6.903212219958e+00,6.777257765021e-01,4.037022996361e+00,3.963364384273e-01,6.900797493599e+00,6.775910502379e-01,4.035610855820e+00,3.962576500300e-01,7.213276490010e-01
2.600000000000e+01,6.895686064257e+00,6.711755410532e-01,4.032621673807e+00,3.925058374988e-01,6.893942489437e+00,6.707576826197e-01,4.031602025067e+00,3.922614724045e-01,6.860044280377e+00,6.693681803248e-01,4.011778232149e+00,3.914488865330e-01,6.859427132785e+00,6.699617801268e-01,4.011417322048e+00,3.917960258031e-01,6.871007876359e+00,6.698553674669e-01,4.018189781975e+00,3.917337953020e-01,6.868594976875e+00,6.697157016839e-01,4.016778709796e+00,3.916521182567e-01,7.129692339255e-01
2.650000000000e+01,6.864061936291e+00,6.635083040554e-01,4.014127771582e+00,3.880220101019e-01,6.862349563993e+00,6.631000168872e-01,4.013126370187e+00,3.877832423175e-01,6.828428188438e+00,6.616854840813e-01,3.993289029421e+00,3.869560185143e-01,6.827752534098e+00,6.622598905337e-01,3.992893904366e+00,3.872919334455e-01,6.839395600255e+00,6.621836937797e-01,3.999702810760e+00,3.872473733134e-01,6.836985070546e+00,6.620391071998e-01,3.998293124434e+00,3.871628185685e-01,7.048209748616e-01
2.700000000000e+01,6.833009935146e+00,6.560310070410e-01,3.995968451150e+00,3.836492602811e-01,6.831327853488e+00,6.556320993995e-01,3.994984763829e+00,3.834159776772e-01,6.797386708783e+00,6.541942715502e-01,3.975135861995e+00,3.825751308500e-01,6.796654527445e+00,6.547493360884e-01,3.974707679751e+00,3.828997345611e-01,6.808356559425e+00,6.547031142959e-01,3.981551069568e+00,3.828727038929e-01,6.805948933494e+00,6.545536374427e-01,3.980143081381e+00,3.827852892989e-01,6.968748161436e-01
2.750000000000e+01,6.802512199938e+00,6.487365281307e-01,3.978133267406e+00,3.793834231362e-01,6.800859523811e+00,6.483467671383e-01,3.977166776544e+00,3.791554895251e-01,6.766901798465e+00,6.468872574547e-01,3.957308178291e+00,3.783019630843e-01,6.766115058222e+00,6.474229984767e-01,3.956848089806e+00,3.786152663346e-01,6.777872765357e+00,6.474063756661e-01,3.963724038651e+00,3.786055452559e-01,6.775468567211e+00,6.472520553846e-01,3.962318055046e+00,3.785152982079e-01,6.891231143030e-01
2.800000000000e+01,6.772551651629e+00,6.416180881711e-01,3.960612232465e+00,3.752205341941e-01,6.770927525163e+00,6.412372191647e-01,3.959662437546e+00,3.749978006480e-01,6.736956214110e+00,6.397575236230e-01,3.939795894324e+00,3.741324694457e-01,6.736116857672e+00,6.402740926609e-01,3.939305035702e+00,3.744345608517e-01,6.747927025182e+00,6.402865874446e-01,3.946211663560e+00,3.744418678456e-01,6.745526767344e+00,6.401274911862e-01,3.944807984261e+00,3.743488277892e-01,6.815586118249e-01
2.850000000000e+01,6.743111950160e+00,6.346692351564e-01,3.943395790605e+00,3.711568202990e-01,6.741515547698e+00,6.342969939553e-01,3.942462208781e+00,3.709391323241e-01,6.707533466714e+00,6.327984960336e-01,3.922589367266e+00,3.700628054233e-01,6.706643400813e+00,6.332961505002e-01,3.922068853569e+00,3.703538355209e-01,6.718502896966e+00,6.333371992027e-01,3.929004328993e+00,3.703778409477e-01,6.716107078634e+00,6.331734189584e-01,3.927603245933e+00,3.702820616798e-01,6.741744128948e-01
2.900000000000e+01,6.714177454062e+00,6.278838278175e-01,3.926474794637e+00,3.671886900150e-01,6.712607980213e+00,6.275199484680e-01,3.925556960762e+00,3.669758920806e-01,6.678617779532e+00,6.260039237098e-01,3.905679370819e+00,3.660893154237e-01,6.677678866813e+00,6.264830049273e-01,3.905130291330e+00,3.663694838193e-01,6.689584648070e+00,6.265519794463e-01,3.912092834447e+00,3.664098203627e-01,6.687193752968e+00,6.263836352449e-01,3.910694630509e+00,3.663113720765e-01,6.669639609617e-01
2.950000000000e+01,6.685733182493e+00,6.212560191906e-01,3.909840483714e+00,3.633127240170e-01,6.684189871620e+00,6.209002387923e-01,3.908937950040e+00,3.631046623779e-01,6.650194048795e+00,6.193678592911e-01,3.889057072247e+00,3.622085214092e-01,6.649208101689e+00,6.198287746879e-01,3.888480486881e+00,3.624780663684e-01,6.661157216321e+00,6.199249961412e-01,3.895468371510e+00,3.625343370157e-01,6.658771710296e+00,6.197522390781e-01,3.894073319123e+00,3.624333080723e-01,6.599210179585e-01
3.000000000000e+01,6.657764779613e+00,6.147802406184e-01,3.893484462488e+00,3.595256657342e-01,6.656246894985e+00,6.144323022528e-01,3.892596798172e+00,3.593221901436e-01,6.622247807016e+00,6.128846411183e-01,3.872714010911e+00,3.584171124216e-01,6.621216583215e+00,6.133278496670e-01,3.872110947574e+00,3.586763023533e-01,6.633206173775e+00,6.134505986567e-01,3.879122502668e+00,3.587480863979e-01,6.630826502183e+00,6.132736134757e-01,3.877730862279e+00,3.586445848362e-01,6.530396450407e-01
3.050000000000e+01,6.630258481162e+00,6.084511864210e-01,3.877398681571e+00,3.558244123863e-01,6.628765313922e+00,6.081108408396e-01,3.876525472072e+00,3.556253770829e-01,6.594765188691e+00,6.065488766733e-01,3.856642078216e+00,3.547119348972e-01,6.593690387901e+00,6.069748768252e-01,3.856013530901e+00,3.549610612973e-01,6.605717692866e+00,6.071234009563e-01,3.863047141513e+00,3.550479187361e-01,6.603344277796e+00,6.069424082590e-01,3.861659159960e+00,3.549420735646e-01,6.463141847126e-01
3.100000000000e+01,6.603201083123e+00,6.022637993447e-01,3.861575419207e+00,3.522060064735e-01,6.601731951172e+00,6.019308058486e-01,3.860716265631e+00,3.520112706956e-01,6.567732898188e+00,6.003554272242e-01,3.840833498829e+00,3.510899836872e-01,6.566616159943e+00,6.007647467611e-01,3.840180426342e+00,3.513293552045e-01,6.578678514770e+00,6.009382658967e-01,3.847234534237e+00,3.514308298106e-01,6.576311752133e+00,6.007535240847e-01,3.845850443051e+00,3.513227921435e-01,6.397392442266e-01
3.150000000000e+01,6.576579912328e+00,5.962132568208e-01,3.846007264084e+00,3.486676277403e-01,6.575134159174e+00,5.958873836165e-01,3.845161782511e+00,3.484770559344e-01,6.541138179669e+00,5.942993935373e-01,3.825280813091e+00,3.475483937024e-01,6.539981082019e+00,5.946925809085e-01,3.824604138280e+00,3.477783310720e-01,6.552075919815e+00,5.948902905398e-01,3.831677242331e+00,3.478939523658e-01,6.549716176323e+00,5.947020975883e-01,3.830297255966e+00,3.477838964601e-01,6.333096801506e-01
3.200000000000e+01,6.550382798883e+00,5.902949580145e-01,3.830687099203e+00,3.452065856024e-01,6.548959792497e+00,5.899759822402e-01,3.829854920021e+00,3.450200474380e-01,6.514968788889e+00,5.883761025330e-01,3.809976860523e+00,3.440844321094e-01,6.513772847826e+00,5.887537193692e-01,3.809277469947e+00,3.443052637749e-01,6.525897699792e+00,5.889747924367e-01,3.816368126391e+00,3.444345480890e-01,6.523545309840e+00,5.887834875423e-01,3.814992440402e+00,3.443226723081e-01,6.270205840079e-01
3.250000000000e+01,6.524598050283e+00,5.845045116172e-01,3.815608086747e+00,3.418203120068e-01,6.523197181996e+00,5.841922191657e-01,3.814788854003e+00,3.416376822733e-01,6.489212966742e+00,5.825810947782e-01,3.794914764359e+00,3.406954910158e-01,6.487979636244e+00,5.829437093721e-01,3.794193508308e+00,3.409075493167e-01,6.500132132023e+00,5.831872968973e-01,3.801300330953e+00,3.410500001656e-01,6.497787394494e+00,5.829932619359e-01,3.799929120127e+00,3.409365278318e-01,6.208672689040e-01
3.300000000000e+01,6.499214427119e+00,5.788377243057e-01,3.800763653869e+00,3.385063546834e-01,6.497835110553e+00,5.785319095318e-01,3.799957024648e+00,3.383275131186e-01,6.463859414437e+00,5.769101127265e-01,3.780087917026e+00,3.373790805933e-01,6.462590087036e+00,5.772582943471e-01,3.779345609858e+00,3.375826984403e-01,6.474767955056e+00,5.775235252988e-01,3.786467270279e+00,3.377378064418e-01,6.472431130065e+00,5.773271858793e-01,3.785100686734e+00,3.376229864527e-01,6.148452570607e-01
3.350000000000e+01,6.474221120262e+00,5.732905897777e-01,3.786147479352e+00,3.352623707321e-01,6.472862790321e+00,5.729910551438e-01,3.785353123183e+00,3.350872018155e-01,6.438897270176e+00,5.713590896375e-01,3.765489966505e+00,3.341328225978e-01,6.437593277978e+00,5.716934035939e-01,3.764727387242e+00,3.343283305856e-01,6.449794345827e+00,5.719793845013e-01,3.771862615004e+00,3.344955732348e-01,6.447465651468e+00,5.717812102366e-01,3.770500786282e+00,3.343796802217e-01,6.089502681878e-01
3.400000000000e+01,6.449607729454e+00,5.678592782524e-01,3.771753481087e+00,3.320861204838e-01,6.448269841355e+00,5.675658339519e-01,3.770971079381e+00,3.319145132158e-01,6.414316087267e+00,5.659241391181e-01,3.751114803535e+00,3.309544442528e-01,6.412978703338e+00,5.662451425260e-01,3.750332696668e+00,3.311421681846e-01,6.425200898173e+00,5.665509574154e-01,3.757480279568e+00,3.313210098168e-01,6.422880507345e+00,5.663514608915e-01,3.756123306780e+00,3.312043435419e-01,6.031782086254e-01
3.450000000000e+01,6.425364243209e+00,5.625401263194e-01,3.757575804324e+00,3.289754615629e-01,6.424046271580e+00,5.622525898981e-01,3.756805049840e+00,3.288073092436e-01,6.390105813545e+00,5.606015452491e-01,3.736956549573e+00,3.278417724756e-01,6.388736253601e+00,5.609097834641e-01,3.736155626059e+00,3.280220312773e-01,6.400977602539e+00,5.612344947062e-01,3.743314410345e+00,3.282119235636e-01,6.398665639998e+00,5.610342285556e-01,3.741962366449e+00,3.280948072082e-01,5.975251611988e-01
3.500000000000e+01,6.401481019992e+00,5.573296270147e-01,3.743608810658e+00,3.259283430845e-01,6.400182458009e+00,5.570478230045e-01,3.742849407003e+00,3.257635430996e-01,6.366256772044e+00,5.553877532643e-01,3.723009545495e+00,3.247927284262e-01,6.364856196382e+00,5.556837569550e-01,3.722190483879e+00,3.249658324347e-01,6.377114826765e+00,5.560264075284e-01,3.729359374416e+00,3.251662157056e-01,6.374811366572e+00,5.558259590429e-01,3.728012302724e+00,3.250489927201e-01,5.919873757324e-01
3.550000000000e+01,6.377948770597e+00,5.522244200208e-01,3.729847067727e+00,3.229427999230e-01,6.376669129169e+00,5.519481795926e-01,3.729098728881e+00,3.227812535406e-01,6.342759642821e+00,5.502793607611e-01,3.709268340966e+00,3.218053223676e-01,6.341329158431e+00,5.505636435893e-01,3.708431788620e+00,3.219715719740e-01,6.353603297836e+00,5.509232610912e-01,3.715609748888e+00,3.221818775649e-01,6.351308361431e+00,5.507232439607e-01,3.714267661937e+00,3.220649068375e-01,5.865612601708e-01
3.600000000000e+01,6.354758541702e+00,5.472212819276e-01,3.716285339599e+00,3.200169470168e-01,6.353497348709e+00,5.469504425679e-01,3.715547789463e+00,3.198585591984e-01,6.319605445864e+00,5.452731094229e-01,3.695727684443e+00,3.188776488246e-01,6.318146108670e+00,5.455461662915e-01,3.694874258874e+00,3.190373334501e-01,6.330434084521e+00,5.459217687795e-01,3.702060310746e+00,3.192569871175e-01,6.328147639643e+00,5.457228118072e-01,3.700723189669e+00,3.191406363743e-01,5.812433722647e-01
3.650000000000e+01,6.331901700562e+00,5.423171165702e-01,3.702918577813e+00,3.171489737176e-01,6.330658500124e+00,5.420515217802e-01,3.702191549786e+00,3.169936529421e-01,6.296785525016e+00,5.403658772356e-01,3.682382513774e+00,3.160078820323e-01,6.295298342191e+00,5.406281830575e-01,3.681512803982e+00,3.161612794076e-01,6.307598580825e+00,5.410187865273e-01,3.688706027172e+00,3.163897057024e-01,6.305320541528e+00,5.408215195162e-01,3.687373821709e+00,3.162743432545e-01,5.760304117780e-01
3.700000000000e+01,6.309369920791e+00,5.375089455671e-01,3.689741913068e+00,3.143371382573e-01,6.308144272577e+00,5.372484445853e-01,3.689025149644e+00,3.141847963590e-01,6.274291532831e+00,5.355546711793e-01,3.669227947344e+00,3.131942716622e-01,6.272777465158e+00,5.358066801125e-01,3.668342515197e+00,3.133416473804e-01,6.285088490242e+00,5.362113071676e-01,3.675542046341e+00,3.135782747176e-01,6.282818718181e+00,5.360163445489e-01,3.674214675587e+00,3.134642598866e-01,5.709192131789e-01
3.750000000000e+01,6.287155169184e+00,5.327938993283e-01,3.676750647518e+00,3.115797624895e-01,6.285946647761e+00,5.325383468748e-01,3.676043899902e+00,3.114303145081e-01,6.252115416325e+00,5.308366203772e-01,3.656259275738e+00,3.104351388152e-01,6.250575380548e+00,5.310787654661e-01,3.655358657352e+00,3.105767461222e-01,6.262895810791e+00,5.314964545606e-01,3.662563688666e+00,3.108210121865e-01,6.260634117900e+00,5.313043776800e-01,3.661241042640e+00,3.107086849453e-01,5.659067387810e-01
3.800000000000e+01,6.265249693495e+00,5.281692089369e-01,3.663940247623e+00,3.088752271419e-01,6.264057887704e+00,5.279184649762e-01,3.663243275368e+00,3.087285911841e-01,6.230249403532e+00,5.262089696774e-01,3.643471953883e+00,3.077288722687e-01,6.228684274683e+00,5.264416628400e-01,3.642556660980e+00,3.078649520557e-01,6.241012820830e+00,5.268714774119e-01,3.649766438504e+00,3.081163091422e-01,6.238758973443e+00,5.266828166582e-01,3.648448380557e+00,3.080059796641e-01,5.609900723006e-01
3.850000000000e+01,6.243646011058e+00,5.236321993996e-01,3.651306337491e+00,3.062219678688e-01,6.242470523421e+00,5.233861289209e-01,3.650618908151e+00,3.060780649798e-01,6.208685990833e+00,5.216690736468e-01,3.630861593638e+00,3.050739249641e-01,6.207096604502e+00,5.218927059458e-01,3.629932114873e+00,3.052047059259e-01,6.219432065670e+00,5.223337427999e-01,3.637145936326e+00,3.054626258428e-01,6.217185789988e+00,5.221489609086e-01,3.635832306338e+00,3.053545647372e-01,5.561664128022e-01
3.900000000000e+01,6.222336898086e+00,5.191802847380e-01,3.638844692628e+00,3.036184723809e-01,6.221177344244e+00,5.189387575495e-01,3.638166581428e+00,3.034772264242e-01,6.187417930997e+00,5.172143909518e-01,3.618423956794e+00,3.024688107204e-01,6.185805085523e+00,5.174293330929e-01,3.617480759039e+00,3.025945096471e-01,6.198146344974e+00,5.178807295230e-01,3.624697971348e+00,3.028584878808e-01,6.195907333708e+00,5.177002073899e-01,3.623388589617e+00,3.027529178969e-01,5.514330690048e-01
3.950000000000e+01,6.201315379486e+00,5.148109652168e-01,3.626551233974e+00,3.010632788241e-01,6.200171387661e+00,5.145738557522e-01,3.625882223496e+00,3.009246163680e-01,6.166438221873e+00,5.128424790998e-01,3.606154948470e+00,2.999121011594e-01,6.164802680452e+00,5.130490821029e-01,3.605198478045e+00,3.000329233285e-01,6.177148700928e+00,5.135100214261e-01,3.612418474618e+00,3.003024822800e-01,6.174916620849e+00,5.133340476100e-01,3.611113146270e+00,3.001995721680e-01,5.467874539237e-01
4.000000000000e+01,6.180574718986e+00,5.105218266751e-01,3.614422022133e+00,2.985549753885e-01,6.179445929464e+00,5.102890138089e-01,3.613761902016e+00,2.984188255985e-01,6.145740095720e+00,5.085509895183e-01,3.594050610866e+00,2.974024228275e-01,6.144082588408e+00,5.087495855150e-01,3.593081294710e+00,2.975185624708e-01,6.156432407178e+00,5.092193008770e-01,3.600303512539e+00,2.977932536809e-01,6.154206907198e+00,5.090480656650e-01,3.599002032256e+00,2.976931147215e-01,5.422270798255e-01
4.050000000000e+01,6.160108409422e+00,5.063105415126e-01,3.602453251693e+00,2.960922008854e-01,6.158994474068e+00,5.060819083835e-01,3.601801818346e+00,2.959584954204e-01,6.125317009091e+00,5.043376629454e-01,3.582107117352e+00,2.949384545003e-01,6.123638234710e+00,5.045285660615e-01,3.581125364138e+00,2.950500953198e-01,6.135990958471e+00,5.050063425453e-01,3.588349280816e+00,2.953295007025e-01,6.133771677865e+00,5.048399370264e-01,3.587051437645e+00,2.952321861647e-01,5.377495534740e-01
4.100000000000e+01,6.139910163079e+00,5.021748705191e-01,3.590641245576e+00,2.936736458165e-01,6.138810744868e+00,5.019503043589e-01,3.589998301905e+00,2.935423187293e-01,6.105162633274e+00,5.002003251092e-01,3.570320766874e+00,2.925189246558e-01,6.103463261202e+00,5.003838323984e-01,3.569326968057e+00,2.926262403696e-01,6.115818060965e+00,5.008690075935e-01,3.576552098789e+00,2.929099725449e-01,6.113604637337e+00,5.007074276918e-01,3.575257680799e+00,2.928154800452e-01,5.333525716494e-01
4.150000000000e+01,6.119973902055e+00,4.981126645500e-01,3.578982449402e+00,2.912980533545e-01,6.118888674624e+00,4.978920565178e-01,3.578347804550e+00,2.911690409946e-01,6.085270845225e+00,4.961368826733e-01,3.558687978654e+00,2.901426091037e-01,6.083551517083e+00,4.963132750738e-01,3.557682509456e+00,2.902457640053e-01,6.095907623165e+00,4.968052383455e-01,3.564908404128e+00,2.905334658719e-01,6.093699699768e+00,4.966483932786e-01,3.563617202693e+00,2.904417423203e-01,5.290339169202e-01
4.200000000000e+01,6.100293748698e+00,4.941218651342e-01,3.567473425901e+00,2.889642196983e-01,6.099222395926e+00,4.939051101562e-01,3.566846894999e+00,2.888374606182e-01,6.065635718975e+00,4.921453194290e-01,3.547205287164e+00,2.878083287578e-01,6.063897050207e+00,4.923148627195e-01,3.546188507501e+00,2.879074782756e-01,6.076253747404e+00,4.928130534533e-01,3.553414747859e+00,2.881988219840e-01,6.074050979530e+00,4.926607776762e-01,3.552126561391e+00,2.881097705694e-01,5.247914536532e-01
4.250000000000e+01,6.080864016232e+00,4.902005034158e-01,3.556110849425e+00,2.866709934537e-01,6.079806231834e+00,4.899875000302e-01,3.555492253356e+00,2.865464283181e-01,6.046251517475e+00,4.882236927127e-01,3.535869337359e+00,2.855149475415e-01,6.044494098829e+00,4.883866384532e-01,3.534841592700e+00,2.856102387886e-01,6.056850721852e+00,4.888905435487e-01,3.542067789680e+00,2.859049242762e-01,6.054652782067e+00,4.887426109878e-01,3.540782426697e+00,2.858184127898e-01,5.206231242452e-01
4.300000000000e+01,6.061679199699e+00,4.863466972668e-01,3.544891500655e+00,2.844172739459e-01,6.060634686839e+00,4.861373474744e-01,3.544280665829e+00,2.842948454446e-01,6.027112684864e+00,4.843701300337e-01,3.524676880150e+00,2.832613704158e-01,6.025337083764e+00,4.845267164757e-01,3.523638502327e+00,2.833529427226e-01,6.037693012967e+00,4.850358673448e-01,3.530864293560e+00,2.836506959572e-01,6.035499595103e+00,4.848920066449e-01,3.529581575012e+00,2.835665657095e-01,5.165269455622e-01
4.350000000000e+01,6.042733967349e+00,4.825586468198e-01,3.533812261566e+00,2.822020086058e-01,6.041702438278e+00,4.823528559416e-01,3.533209019706e+00,2.820816613702e-01,6.008213839109e+00,4.805828258950e-01,3.513624768106e+00,2.810465415195e-01,6.006420600942e+00,4.807332788539e-01,3.512576076064e+00,2.811345269436e-01,6.018775258377e+00,4.812472481370e-01,3.519801123562e+00,2.814350980038e-01,6.016586080255e+00,4.811071577325e-01,3.518520884430e+00,2.813531726382e-01,5.125010055728e-01
4.400000000000e+01,6.024023152582e+00,4.788346289322e-01,3.522870110711e+00,2.800241897337e-01,6.023004328283e+00,4.786323054731e-01,3.522274298646e+00,2.799058702570e-01,5.989549765021e+00,4.768600387927e-01,3.502709951366e+00,2.788694424150e-01,5.987739414335e+00,4.770045724759e-01,3.501651251862e+00,2.789539662256e-01,6.000092260131e+00,4.775229706501e-01,3.508875239908e+00,2.792571273170e-01,5.997907065113e+00,4.773863326912e-01,3.507597330109e+00,2.791772209539e-01,5.085434601638e-01
4.450000000000e+01,6.005541746463e+00,4.751729911835e-01,3.512062118847e+00,2.778828509881e-01,6.004535356319e+00,4.749740467033e-01,3.511473578321e+00,2.777665075503e-01,5.971115407610e+00,4.732000883817e-01,3.491929473754e+00,2.767290904304e-01,5.969288449227e+00,4.733389061683e-01,3.490861062010e+00,2.768102715645e-01,5.981638978295e+00,4.738613781805e-01,3.498083695224e+00,2.771158150508e-01,5.979457535794e+00,4.737278706332e-01,3.496807979910e+00,2.770377393635e-01,5.046525301261e-01
4.500000000000e+01,5.987284890841e+00,4.715721459409e-01,3.501385444910e+00,2.757770639156e-01,5.986290672318e+00,4.713764949317e-01,3.500804022391e+00,2.756626465114e-01,5.952905865765e+00,4.696013527951e-01,3.481280469082e+00,2.746245370923e-01,5.951062785816e+00,4.697346479671e-01,3.480202629389e+00,2.747024885818e-01,5.963410524863e+00,4.702608699851e-01,3.487423630989e+00,2.750102250847e-01,5.961232629998e+00,4.701301765290e-01,3.486149990345e+00,2.749337950880e-01,5.008264983007e-01
4.550000000000e+01,5.969247872013e+00,4.680305648768e-01,3.490837332311e+00,2.737059347451e-01,5.968265570357e+00,4.678381246469e-01,3.490262878818e+00,2.735933950159e-01,5.934916386231e+00,4.660622661073e-01,3.470760157630e+00,2.725548666419e-01,5.933057653120e+00,4.661902225302e-01,3.469673163913e+00,2.726296960120e-01,5.945402157964e+00,4.667198988760e-01,3.476892274139e+00,2.729394526181e-01,5.943227630545e+00,4.665917164946e-01,3.475620602790e+00,2.728644911067e-01,4.970637068748e-01
4.600000000000e+01,5.951426114893e+00,4.645467741530e-01,3.480415105522e+00,2.716686015706e-01,5.950455482838e+00,4.643574647164e-01,3.479847476453e+00,2.715578927405e-01,5.917142357880e+00,4.625813159305e-01,3.460365842794e+00,2.705191946294e-01,5.915268423186e+00,4.627041086864e-01,3.459269959137e+00,2.705910042686e-01,5.927609276332e+00,4.632369689886e-01,3.466486933838e+00,2.709026228637e-01,5.925437959366e+00,4.631110133574e-01,3.465217139973e+00,2.708289635638e-01,4.933625548186e-01
4.650000000000e+01,5.933815177608e+00,4.611193503352e-01,3.470116166921e+00,2.696642319627e-01,5.932855975099e+00,4.609330943069e-01,3.469555221890e+00,2.695553087765e-01,5.899579306247e+00,4.591570411361e-01,3.450094907892e+00,2.685166665815e-01,5.897690605557e+00,4.592748371092e-01,3.448990389028e+00,2.685855540845e-01,5.910027414031e+00,4.598106336935e-01,3.456204998390e+00,2.688988898277e-01,5.907859171917e+00,4.596866426126e-01,3.454937002710e+00,2.688263794037e-01,4.897214954551e-01
4.700000000000e+01,5.916410746467e+00,4.577469170027e-01,3.459937993844e+00,2.676920209856e-01,5.915462740393e+00,4.575636394982e-01,3.459383596529e+00,2.675848396508e-01,5.882222888325e+00,4.557880296929e-01,3.439944813117e+00,2.665464567374e-01,5.880319842018e+00,4.559009881109e-01,3.438831904885e+00,2.666125152210e-01,5.892652235417e+00,4.564394936326e-01,3.446043932296e+00,2.669274351605e-01,5.890486951976e+00,4.563172288231e-01,3.444777666858e+00,2.668559342661e-01,4.861390341537e-01
4.750000000000e+01,5.899208631234e+00,4.544281419586e-01,3.449878135829e+00,2.657511895660e-01,5.898271595177e+00,4.542477704992e-01,3.449330153819e+00,2.656457076966e-01,5.865068887601e+00,4.524729166151e-01,3.429913092637e+00,2.646077668487e-01,5.863151901575e+00,4.525811895479e-01,3.428792032408e+00,2.646710852439e-01,5.875479530324e+00,4.531221948616e-01,3.436001273435e+00,2.649874670707e-01,5.873317106766e+00,4.530014424698e-01,3.434736680466e+00,2.649168506436e-01,4.826137261412e-01
4.800000000000e+01,5.882204760671e+00,4.511617349270e-01,3.439934212001e+00,2.638409831459e-01,5.881278474662e+00,4.509841993477e-01,3.439392516657e+00,2.637371597093e-01,5.848113209313e+00,4.492103820122e-01,3.419997351822e+00,2.626998250386e-01,5.846182675668e+00,4.493141148323e-01,3.418868368897e+00,2.627604883598e-01,5.858505209454e+00,4.498574270862e-01,3.426074630371e+00,2.630782192934e-01,5.856345562384e+00,4.497379972224e-01,3.424811661103e+00,2.630083762854e-01,4.791441744229e-01
4.850000000000e+01,5.865395178306e+00,4.479464456225e-01,3.430103908599e+00,2.619606705539e-01,5.864479428592e+00,4.477716779850e-01,3.429568374917e+00,2.618584658195e-01,5.831351875935e+00,4.459991492368e-01,3.410195264599e+00,2.608218847192e-01,5.829408173606e+00,4.460984810421e-01,3.409058580581e+00,2.608799743114e-01,5.841725299978e+00,4.466439219817e-01,3.416261679780e+00,2.611989501079e-01,5.839568359487e+00,4.465256475829e-01,3.415000293329e+00,2.611297828199e-01,4.757290278074e-01
4.900000000000e+01,5.848776038391e+00,4.447810620964e-01,3.420384976618e+00,2.601095430382e-01,5.847870617210e+00,4.446089966052e-01,3.419855483099e+00,2.600089185285e-01,5.814781022855e+00,4.428379831216e-01,3.400504570930e+00,2.589732235604e-01,5.812824518212e+00,4.429330471255e-01,3.399360400074e+00,2.590288173271e-01,5.825135941316e+00,4.434804515892e-01,3.406560163982e+00,2.593489413995e-01,5.822981649206e+00,4.433631868465e-01,3.405300326314e+00,2.592803645620e-01,4.723669790293e-01
4.950000000000e+01,5.832343602041e+00,4.416644092802e-01,3.410775229544e+00,2.582869134145e-01,5.831448307413e+00,4.414949822022e-01,3.410251658069e+00,2.581878318582e-01,5.798396894251e+00,4.397256883034e-01,3.390923074398e+00,2.571531425094e-01,5.796427941659e+00,4.398166121929e-01,3.389771623937e+00,2.572063151225e-01,5.808733381102e+00,4.403658267809e-01,3.396967888578e+00,2.575274977620e-01,5.806581689263e+00,4.402494453238e-01,3.395709571557e+00,2.574594374730e-01,4.690567629636e-01
5.000000000000e+01,5.816094233533e+00,4.385953476685e-01,3.401272541193e+00,2.564921152961e-01,5.815208869051e+00,4.384284972557e-01,3.400754776904e+00,2.563945405828e-01,5.782195839151e+00,4.366611076269e-01,3.381448639899e+00,2.553609648578e-01,5.780214781494e+00,4.367480138929e-01,3.380290110354e+00,2.554117879504e-01,5.792513971318e+00,4.372988957916e-01,3.387482720196e+00,2.557339456391e-01,5.790364840267e+00,4.371832887712e-01,3.386225900733e+00,2.556663382435e-01,4.657971549272e-01
5.050000000000e+01,5.800024396747e+00,4.355727720984e-01,3.391874843631e+00,2.547245023797e-01,5.799148771385e+00,4.354084385144e-01,3.391362774813e+00,2.546283995168e-01,5.766174307665e+00,4.336431206251e-01,3.372079191448e+00,2.535960353524e-01,5.764181476839e+00,4.337261268663e-01,3.370913776911e+00,2.536445776967e-01,5.776474164597e+00,4.342785428112e-01,3.378102584322e+00,2.539676325010e-01,5.774327562176e+00,4.341636169878e-01,3.376847243611e+00,2.539004234718e-01,4.625869690627e-01
5.100000000000e+01,5.784130651752e+00,4.325956105984e-01,3.382580125173e+00,2.529834477725e-01,5.783264579674e+00,4.324337358469e-01,3.382073643149e+00,2.528887828436e-01,5.750328847383e+00,4.306706420710e-01,3.362812710061e+00,2.518577193486e-01,5.748324564762e+00,4.307498612741e-01,3.361640598474e+00,2.519040470196e-01,5.760610510672e+00,4.313036866351e-01,3.368825463228e+00,2.522279260555e-01,5.758466410910e+00,4.311893625390e-01,3.367571586081e+00,2.521610689185e-01,4.594250567985e-01
5.150000000000e+01,5.768409651519e+00,4.296628232860e-01,3.373386428464e+00,2.512683433478e-01,5.767552951899e+00,4.295033511428e-01,3.372885427487e+00,2.511750834727e-01,5.734656099927e+00,4.277426205979e-01,3.353647231748e+00,2.501454020036e-01,5.732640676801e+00,4.278181613964e-01,3.352468605153e+00,2.501895785305e-01,5.744919652985e+00,4.283732793707e-01,3.359649393987e+00,2.505142134913e-01,5.742778035099e+00,4.282594895817e-01,3.358396968249e+00,2.504476688190e-01,4.563103053835e-01
5.200000000000e+01,5.752858138761e+00,4.267734013052e-01,3.364291848632e+00,2.495785991228e-01,5.752010635613e+00,4.266162772528e-01,3.363796225784e+00,2.494867124195e-01,5.719152797654e+00,4.248580373833e-01,3.344580845578e+00,2.484584875062e-01,5.717126535640e+00,4.249300042961e-01,3.343395880364e+00,2.485005740121e-01,5.729398325424e+00,4.254863051966e-01,3.350572466566e+00,2.488259007523e-01,5.727259172958e+00,4.253729927666e-01,3.349321482614e+00,2.487596352413e-01,4.532416364889e-01
5.250000000000e+01,5.737472942896e+00,4.239263657949e-01,3.355294531509e+00,2.479136426561e-01,5.736634464905e+00,4.237715369597e-01,3.354804186605e+00,2.478230982040e-01,5.703815760497e+00,4.220159048945e-01,3.335611691838e+00,2.467963983439e-01,5.701778951932e+00,4.220843985464e-01,3.334420558964e+00,2.468364536745e-01,5.714043349211e+00,4.226417791723e-01,3.341592822002e+00,2.471624118420e-01,5.711906649292e+00,4.225288962015e-01,3.340343272309e+00,2.470963974802e-01,4.502180048774e-01
5.300000000000e+01,5.722250977120e+00,4.211207668865e-01,3.346392671921e+00,2.462729184612e-01,5.721421357486e+00,4.209681819786e-01,3.345907507416e+00,2.461836862657e-01,5.688641892941e+00,4.192152656902e-01,3.326737960260e+00,2.451585746015e-01,5.686594821253e+00,4.192803830171e-01,3.325540825475e+00,2.451966554453e-01,5.698851629903e+00,4.198387460972e-01,3.332708650656e+00,2.455231881555e-01,5.696717372609e+00,4.197262524653e-01,3.331460529419e+00,2.454574014804e-01,4.472383971320e-01
5.350000000000e+01,5.707189235604e+00,4.183556827282e-01,3.337584512049e+00,2.446558874359e-01,5.706368311889e+00,4.182052919835e-01,3.337104432948e+00,2.445679383949e-01,5.673628181132e+00,4.164551912783e-01,3.317957888331e+00,2.435444732937e-01,5.671571121183e+00,4.165170257160e-01,3.316754912375e+00,2.435806342922e-01,5.683820154525e+00,4.170762794159e-01,3.323918190529e+00,2.439076878400e-01,5.681688332343e+00,4.169641416621e-01,3.322671493354e+00,2.438421092838e-01,4.443018304449e-01
5.400000000000e+01,5.692284790786e+00,4.156302185360e-01,3.328868339844e+00,2.430620263073e-01,5.691472404766e+00,4.154819736612e-01,3.328393253617e+00,2.429753321786e-01,5.658771690092e+00,4.137347810241e-01,3.309269759665e+00,2.419535677260e-01,5.656704908515e+00,4.137934226846e-01,3.308061098467e+00,2.419878615771e-01,5.668945988819e+00,4.143534801686e-01,3.315219725656e+00,2.423153851807e-01,5.666816596188e+00,4.142416705117e-01,3.313974449291e+00,2.422499984966e-01,4.414073514604e-01
5.450000000000e+01,5.677534790776e+00,4.129435056718e-01,3.320242487510e+00,2.414908270928e-01,5.676730788302e+00,4.127973597908e-01,3.319772304011e+00,2.414053604632e-01,5.644069561066e+00,4.110531611078e-01,3.300671902453e+00,2.403853468855e-01,5.641993316577e+00,4.111086969430e-01,3.299457707310e+00,2.404178244390e-01,5.654226274603e+00,4.116694759848e-01,3.306611584562e+00,2.407457700121e-01,5.652099307527e+00,4.115579714704e-01,3.305367726670e+00,2.406805617765e-01,4.385540351712e-01
5.500000000000e+01,5.662936456857e+00,4.102947007484e-01,3.311705330044e+00,2.399417965766e-01,5.662140687721e+00,4.101506083514e-01,3.311239961431e+00,2.398575308317e-01,5.629519008968e+00,4.084094835289e-01,3.292162687966e+00,2.388393148586e-01,5.627433552663e+00,4.084619974830e-01,3.290943105720e+00,2.388700252052e-01,5.639658227237e+00,4.090234201178e-01,3.298092138780e+00,2.391983471538e-01,5.637533682959e+00,4.089122018815e-01,3.296849697749e+00,2.391333063346e-01,4.357409838632e-01
5.550000000000e+01,5.648487081084e+00,4.076829847620e-01,3.303255283831e+00,2.384144558023e-01,5.647699398890e+00,4.075409016566e-01,3.302794644489e+00,2.383313650982e-01,5.615117319931e+00,4.058029251537e-01,3.283740529125e+00,2.373149902736e-01,5.613022895575e+00,4.058524983051e-01,3.282515702331e+00,2.373439808284e-01,5.625239133191e+00,4.064144905195e-01,3.289659801428e+00,2.376726358692e-01,5.623117009920e+00,4.063035431521e-01,3.288418776211e+00,2.376077534551e-01,4.329673261083e-01
5.600000000000e+01,5.634184023979e+00,4.051075622524e-01,3.294890805294e+00,2.369083395820e-01,5.633404286015e+00,4.049674455168e-01,3.294434811766e+00,2.368263988180e-01,5.600861848964e+00,4.032326868055e-01,3.275403879130e+00,2.358119057693e-01,5.598758693255e+00,4.032793974997e-01,3.274173946210e+00,2.358392223490e-01,5.610966347709e+00,4.038418889530e-01,3.281313025843e+00,2.361681693464e-01,5.608846644396e+00,4.037311999564e-01,3.280073415826e+00,2.361034380285e-01,4.302322158010e-01
5.650000000000e+01,5.620024712306e+00,4.025676604918e-01,3.286610389596e+00,2.354229960218e-01,5.619252779428e+00,4.024294684297e-01,3.286158960510e+00,2.353421808136e-01,5.586750017695e+00,4.006979923938e-01,3.267151230140e+00,2.343296074852e-01,5.584638360524e+00,4.007419163678e-01,3.265916325535e+00,2.343552943810e-01,5.596837292570e+00,4.013048401415e-01,3.273050304273e+00,2.346844942009e-01,5.594720008714e+00,4.011943994637e-01,3.271812109163e+00,2.346199081007e-01,4.275348312378e-01
5.700000000000e+01,5.606006636942e+00,4.000625287007e-01,3.278412569391e+00,2.339579860630e-01,5.605242373460e+00,3.999262207982e-01,3.277965625396e+00,2.338782727181e-01,5.572779312207e+00,3.981980880819e-01,3.258981112008e+00,2.328676545748e-01,5.570659376902e+00,3.982392985801e-01,3.257741366321e+00,2.328917546203e-01,5.582849453930e+00,3.988025909525e-01,3.264870166613e+00,2.332211699981e-01,5.580734589423e+00,3.986923905910e-01,3.263633386346e+00,2.331567244357e-01,4.248743742361e-01
5.750000000000e+01,5.592127350822e+00,3.975914372918e-01,3.270295913630e+00,2.325128830405e-01,5.591370624388e+00,3.974569741758e-01,3.269853377326e+00,2.324342485333e-01,5.558947280963e+00,3.957322414892e-01,3.250892091065e+00,2.314256187394e-01,5.556819284523e+00,3.957708093730e-01,3.249647631198e+00,2.314481733747e-01,5.569000380256e+00,3.963344096149e-01,3.256771179197e+00,2.317777687956e-01,5.566887935252e+00,3.962244432797e-01,3.255535813864e+00,2.317134600927e-01,4.222500692922e-01
5.800000000000e+01,5.578384466969e+00,3.951536771410e-01,3.262259026398e+00,2.310872722561e-01,5.577635148471e+00,3.950210205398e-01,3.261820822282e+00,2.310096942051e-01,5.545251532804e+00,3.932997409291e-01,3.242882768954e+00,2.300030837822e-01,5.543115686123e+00,3.933357347790e-01,3.241633718238e+00,2.300241331134e-01,5.555287680336e+00,3.938995849689e-01,3.248751943636e+00,2.303538747047e-01,5.553177655146e+00,3.937898477965e-01,3.247517993419e+00,2.302897000170e-01,4.196611627741e-01
5.850000000000e+01,5.564775656595e+00,3.927485588857e-01,3.254300545812e+00,2.296807505678e-01,5.564033620055e+00,3.926176715903e-01,3.253866600211e+00,2.296042072132e-01,5.531689735036e+00,3.908998946776e-01,3.234951781507e+00,2.285996451806e-01,5.529546243116e+00,3.909333808902e-01,3.233698259828e+00,2.286192280365e-01,5.541709021366e+00,3.914974257457e-01,3.240811095698e+00,2.289490834690e-01,5.539601416370e+00,3.913879140568e-01,3.239578560819e+00,2.288850406448e-01,4.171069221500e-01
5.900000000000e+01,5.551298647274e+00,3.903754122480e-01,3.246419142949e+00,2.282929259950e-01,5.550563769752e+00,3.902462580762e-01,3.245989383967e+00,2.282173961772e-01,5.518259611586e+00,3.885320302740e-01,3.227097797668e+00,2.272149096770e-01,5.516108673736e+00,3.885630731525e-01,3.225839921583e+00,2.272330636625e-01,5.528262127115e+00,3.891272598772e-01,3.232947304235e+00,2.275630020606e-01,5.526156942691e+00,3.890179709719e-01,3.231716184915e+00,2.274990895211e-01,4.145866352484e-01
5.950000000000e+01,5.537951221187e+00,3.880335853850e-01,3.238613520821e+00,2.269234173376e-01,5.537223382685e+00,3.879061291458e-01,3.238187878284e+00,2.268488804768e-01,5.504958941223e+00,3.861954938503e-01,3.219319518454e+00,2.258484948872e-01,5.502800751261e+00,3.862241556903e-01,3.218057401308e+00,2.258652564330e-01,5.514944776152e+00,3.867884338331e-01,3.225159270147e+00,2.261952482927e-01,5.512842012620e+00,3.866793658179e-01,3.223929566573e+00,2.261314649305e-01,4.120996095499e-01
6.000000000000e+01,5.524731213431e+00,3.857224442628e-01,3.230882413386e+00,2.255718538103e-01,5.524010296802e+00,3.855966517227e-01,3.230460818784e+00,2.254982898865e-01,5.491785555859e+00,3.838896494881e-01,3.211615675959e+00,2.245000289239e-01,5.489620302295e+00,3.839159906588e-01,3.210349427993e+00,2.245154333340e-01,5.501754800153e+00,3.844803119852e-01,3.217445725389e+00,2.248454504476e-01,5.499654457726e+00,3.843714636277e-01,3.216217437686e+00,2.247817955421e-01,4.096451715084e-01
6.050000000000e+01,5.511636510394e+00,3.834413720544e-01,3.223224584594e+00,2.242378746904e-01,5.510922401256e+00,3.833172099052e-01,3.222806971037e+00,2.241652642250e-01,5.478737338907e+00,3.816138786031e-01,3.203985032395e+00,2.231691500368e-01,5.476565205119e+00,3.816379576237e-01,3.202714760850e+00,2.231832315334e-01,5.488690082255e+00,3.822022759970e-01,3.209805432014e+00,2.235132469201e-01,5.486592161009e+00,3.820936466032e-01,3.208578560226e+00,2.234497200652e-01,4.072226659002e-01
6.100000000000e+01,5.498665048184e+00,3.811897685614e-01,3.215638827476e+00,2.229211289797e-01,5.497957634835e+00,3.810672043890e-01,3.215225129640e+00,2.228494530169e-01,5.465812223701e+00,3.793675793537e-01,3.196426379168e+00,2.218555062666e-01,5.463633388109e+00,3.793894529660e-01,3.195152188385e+00,2.218682980327e-01,5.475748555491e+00,3.799537242383e-01,3.202237181250e+00,2.221982858746e-01,5.473653055330e+00,3.798453135493e-01,3.201011725322e+00,2.221348869191e-01,4.048314551999e-01
6.150000000000e+01,5.485814811129e+00,3.789670496572e-01,3.208123963258e+00,2.216212750792e-01,5.485113984465e+00,3.788460519119e-01,3.207714117339e+00,2.215505151685e-01,5.453008191975e+00,3.771501660745e-01,3.188938535991e+00,2.205587551144e-01,5.450822828206e+00,3.771698893116e-01,3.187660527506e+00,2.205702893334e-01,5.462928201264e+00,3.777340712225e-01,3.194739792616e+00,2.209002249164e-01,5.460835121904e+00,3.776258793285e-01,3.193515752381e+00,2.208369539129e-01,4.024709189821e-01
6.200000000000e+01,5.473083830313e+00,3.767726467527e-01,3.200678840512e+00,2.203379804756e-01,5.472389483754e+00,3.766531847202e-01,3.200272784181e+00,2.202681186553e-01,5.440323272405e+00,3.749610687323e-01,3.181520350025e+00,2.192785632225e-01,5.438131549448e+00,3.749786949838e-01,3.180238622664e+00,2.192888711169e-01,5.450227047893e+00,3.755427470666e-01,3.187312113065e+00,2.196187307760e-01,5.448136388845e+00,3.754347743342e-01,3.186089488237e+00,2.195555879390e-01,4.001404533468e-01
6.250000000000e+01,5.460470182188e+00,3.746060062814e-01,3.193302334340e+00,2.190709214416e-01,5.459782211598e+00,3.744880500556e-01,3.192900006698e+00,2.190019402223e-01,5.427755539196e+00,3.727997324042e-01,3.174170695059e+00,2.180146060702e-01,5.425557621552e+00,3.728153134782e-01,3.172885345023e+00,2.180237179375e-01,5.437643169206e+00,3.733791969727e-01,3.179953016166e+00,2.183534790055e-01,5.435554929760e+00,3.732714439846e-01,3.178731806330e+00,2.182904646759e-01,3.978394703686e-01
6.300000000000e+01,5.447971987219e+00,3.724665892056e-01,3.185993345583e+00,2.178197827458e-01,5.447290290835e+00,3.723501096617e-01,3.185594687119e+00,2.177516650953e-01,5.415303110725e+00,3.706656167762e-01,3.166888470712e+00,2.167665676798e-01,5.413099158554e+00,3.706792029581e-01,3.165599591663e+00,2.167745129272e-01,5.425174683181e+00,3.712428807295e-01,3.172661401305e+00,2.171041536877e-01,5.423088862406e+00,3.711353482342e-01,3.171441605916e+00,2.170412683029e-01,3.955673975673e-01
6.350000000000e+01,5.435587408584e+00,3.703538705407e-01,3.178750800061e+00,2.165842573753e-01,5.434911886949e+00,3.702388393101e-01,3.178355752613e+00,2.165169867036e-01,5.402964148234e+00,3.685581956622e-01,3.159672601673e+00,2.155341403360e-01,5.400754317493e+00,3.685698357710e-01,3.158380284816e+00,2.155409475129e-01,5.412819750646e+00,3.691332722338e-01,3.165436192927e+00,2.158704471553e-01,5.410736347378e+00,3.690259611032e-01,3.164217811305e+00,2.158076912253e-01,3.933236773997e-01
6.400000000000e+01,5.423314650925e+00,3.682673388981e-01,3.171573647843e+00,2.153640462685e-01,5.422645206819e+00,3.681537283438e-01,3.171182154554e+00,2.152976064133e-01,5.390736854568e+00,3.664769565418e-01,3.152522036959e+00,2.143170243149e-01,5.388521297145e+00,3.664866979829e-01,3.151226371118e+00,2.143227211442e-01,5.400576574012e+00,3.670498590303e-01,3.158276339798e+00,2.146520597226e-01,5.398495586857e+00,3.669427702250e-01,3.157059371127e+00,2.145894338094e-01,3.911077667719e-01
6.450000000000e+01,5.411151959139e+00,3.662064960461e-01,3.164460862537e+00,2.141588580575e-01,5.410488497511e+00,3.660942792389e-01,3.164072867824e+00,2.140932332706e-01,5.378619472962e+00,3.644214001155e-01,3.145435749208e+00,2.131149276244e-01,5.376398336805e+00,3.644292889322e-01,3.144136820903e+00,2.131195410324e-01,5.388443396069e+00,3.649921418691e-01,3.151180814292e+00,2.134486994267e-01,5.386364823402e+00,3.648852764098e-01,3.149965257622e+00,2.133862041270e-01,3.889191365698e-01
6.500000000000e+01,5.399097617209e+00,3.641708564864e-01,3.157411440613e+00,2.129684088213e-01,5.398440045119e+00,3.640600071828e-01,3.157026890122e+00,2.129035837553e-01,5.366610285868e+00,3.623910398784e-01,3.138412733991e+00,2.119275657548e-01,5.364383715107e+00,3.623971208000e-01,3.137110627511e+00,2.119311218993e-01,5.376418498807e+00,3.629596342808e-01,3.144148611714e+00,2.122600817784e-01,5.374342338772e+00,3.628529932242e-01,3.142934465959e+00,2.121977177102e-01,3.867572712089e-01
6.550000000000e+01,5.387149947087e+00,3.621599470482e-01,3.150424400739e+00,2.117924218478e-01,5.386498173644e+00,3.620504396682e-01,3.150043241317e+00,2.117283815435e-01,5.354707613822e+00,3.603854017096e-01,3.131452009152e+00,2.107546614384e-01,5.352475748889e+00,3.603897181979e-01,3.130146806621e+00,2.107571857360e-01,5.364500202294e+00,3.609518621674e-01,3.137178749631e+00,2.110859295237e-01,5.362426452806e+00,3.608454465869e-01,3.135966013574e+00,2.110236973147e-01,3.846216682007e-01
6.600000000000e+01,5.375307307604e+00,3.601733064965e-01,3.143498783156e+00,2.106306274053e-01,5.374661243906e+00,3.600651161026e-01,3.143120962813e+00,2.105673572791e-01,5.342909814357e+00,3.584040234773e-01,3.124552614171e+00,2.095959444189e-01,5.340672792101e+00,3.584066177708e-01,3.123244395619e+00,2.095974615709e-01,5.352686863580e+00,3.589683634090e-01,3.130270267241e+00,2.099259724130e-01,5.350615522335e+00,3.588621743784e-01,3.129058939533e+00,2.098638726912e-01,3.825118377359e-01
6.650000000000e+01,5.363568093423e+00,3.582104851555e-01,3.136633649056e+00,2.094827625217e-01,5.362927652503e+00,3.581035874328e-01,3.136259116934e+00,2.094202483542e-01,5.331215280951e+00,3.564464546594e-01,3.117713609547e+00,2.084511512294e-01,5.328973234746e+00,3.564473678158e-01,3.116402452972e+00,2.084516852465e-01,5.340976875650e+00,3.570086874854e-01,3.123422224757e+00,2.087799469807e-01,5.338907940124e+00,3.569027260663e-01,3.122212303921e+00,2.087179803669e-01,3.804273022841e-01
6.700000000000e+01,5.351930734034e+00,3.562710445466e-01,3.129828080000e+00,2.083485707732e-01,5.351295830805e+00,3.561654157833e-01,3.129456786340e+00,2.082867986977e-01,5.319622442008e+00,3.545122559783e-01,3.110934076205e+00,2.073200249789e-01,5.317375501859e+00,3.545115279147e-01,3.109620057635e+00,2.073195992047e-01,5.329368666410e+00,3.550723951117e-01,3.116633702812e+00,2.076475963313e-01,5.327302133865e+00,3.549666623429e-01,3.115425187248e+00,2.075857634330e-01,3.783675962079e-01
6.750000000000e+01,5.340393692773e+00,3.543545570393e-01,3.123081177342e+00,2.072278020799e-01,5.339764243976e+00,3.542501741079e-01,3.122713073452e+00,2.071667585713e-01,5.308129759877e+00,3.526009990496e-01,3.104213114923e+00,2.062023151465e-01,5.305878052526e+00,3.525986685814e-01,3.102896308476e+00,2.062009522804e-01,5.317860697704e+00,3.531590578880e-01,3.109903801886e+00,2.065286699350e-01,5.315796565197e+00,3.530535547772e-01,3.108696689874e+00,2.064669713415e-01,3.763322653916e-01
6.800000000000e+01,5.328955465884e+00,3.524606055153e-01,3.116392061678e+00,2.061202125096e-01,5.328331390036e+00,3.523574458546e-01,3.116027099908e+00,2.060598843740e-01,5.296735729910e+00,3.507122660434e-01,3.097549845777e+00,2.050977773839e-01,5.294479378929e+00,3.507083709213e-01,3.096230323718e+00,2.050954995027e-01,5.306451464370e+00,3.512682579619e-01,3.103231641756e+00,2.054229234303e-01,5.304389728757e+00,3.511629854789e-01,3.102025931456e+00,2.053613597088e-01,3.743208668848e-01
6.850000000000e+01,5.317614581605e+00,3.505887830452e-01,3.109759872319e+00,2.050255640885e-01,5.316995798951e+00,3.504868246430e-01,3.109398006027e+00,2.049659384532e-01,5.285438879543e+00,3.488456493590e-01,3.090943407605e+00,2.040061733248e-01,5.283178005432e+00,3.488402263047e-01,3.089621240404e+00,2.040030019034e-01,5.295139493323e+00,3.493995877032e-01,3.096616360958e+00,2.043301184337e-01,5.293080151268e+00,3.492945467753e-01,3.095412050418e+00,2.042686901264e-01,3.723329685576e-01
6.900000000000e+01,5.306369599293e+00,3.487386925766e-01,3.103183766769e+00,2.039436246190e-01,5.305756031757e+00,3.486379139530e-01,3.102824950297e+00,2.038846889224e-01,5.274237767413e+00,3.470007513109e-01,3.084392957494e+00,2.029272704012e-01,5.271972487690e+00,3.469938360512e-01,3.083068213875e+00,2.029232263329e-01,5.283923342678e+00,3.475526493914e-01,3.090057116270e+00,2.032500223567e-01,5.281866390655e+00,3.474478408990e-01,3.088854203429e+00,2.031887299785e-01,3.703681487700e-01
6.950000000000e+01,5.295219108569e+00,3.469099466342e-01,3.096662920236e+00,2.028741675042e-01,5.294610679711e+00,3.468103268257e-01,3.096307108881e+00,2.028159094868e-01,5.263130982504e+00,3.451771838270e-01,3.077897670276e+00,2.018608416673e-01,5.260861411794e+00,3.451688111264e-01,3.076570417273e+00,2.018559452823e-01,5.272801600891e+00,3.457270549137e-01,3.083553082216e+00,2.021824082296e-01,5.270747035195e+00,3.456224796879e-01,3.082351564908e+00,2.021212522665e-01,3.684259960528e-01
7.000000000000e+01,5.284161728500e+00,3.451021670306e-01,3.090196525144e+00,2.018169715786e-01,5.283558363471e+00,3.450036855742e-01,3.089843675135e+00,2.017593792735e-01,5.252117143323e+00,3.433745681574e-01,3.071456738050e+00,2.008066656287e-01,5.249843393443e+00,3.433647718495e-01,3.070127041054e+00,2.008009367131e-01,5.261772885936e+00,3.439224254746e-01,3.077103450585e+00,2.011270545314e-01,5.259720702688e+00,3.438180842949e-01,3.075903326541e+00,2.010660354393e-01,3.665061087998e-01
7.050000000000e+01,5.273196106807e+00,3.433149845871e-01,3.083783790676e+00,2.007718209454e-01,5.272597732305e+00,3.432176215053e-01,3.083433859144e+00,2.007148826698e-01,5.241194897100e+00,3.415925345937e-01,3.065069369710e+00,1.997645260786e-01,5.238917077141e+00,3.415813476114e-01,3.063737292517e+00,1.997579838917e-01,5.250835844508e+00,3.421383913159e-01,3.070707429957e+00,2.000837450263e-01,5.248786039665e+00,3.420342849089e-01,3.069508696813e+00,2.000228632301e-01,3.646080949721e-01
7.100000000000e+01,5.262320919091e+00,3.415480388650e-01,3.077423942318e+00,1.997385048186e-01,5.261727463321e+00,3.414517746519e-01,3.077076887278e+00,1.996822091653e-01,5.230362919019e+00,3.398307221987e-01,3.058734790500e+00,1.987342119397e-01,5.228081135424e+00,3.398181766030e-01,3.057400395359e+00,1.987268752309e-01,5.239989151253e+00,3.403745914465e-01,3.064364245261e+00,1.990522686053e-01,5.237941720609e+00,3.402707204854e-01,3.063166900557e+00,1.989915244987e-01,3.627315718120e-01
7.150000000000e+01,5.251534868095e+00,3.398009779066e-01,3.071116221430e+00,1.987168173722e-01,5.250946260727e+00,3.397057935136e-01,3.070772001754e+00,1.986611532015e-01,5.219619911467e+00,3.380887785456e-01,3.052452241572e+00,1.977155171116e-01,5.217334268109e+00,3.380749055538e-01,3.051115589227e+00,1.977074041368e-01,5.229231508021e+00,3.386306733821e-01,3.058073137335e+00,1.980324191345e-01,5.227186447217e+00,3.385270384863e-01,3.056877178522e+00,1.979718130797e-01,3.608761655680e-01
7.200000000000e+01,5.240836682983e+00,3.380734579851e-01,3.064859884824e+00,1.977065575935e-01,5.240252855117e+00,3.379793348074e-01,3.064518460217e+00,1.976515140252e-01,5.208964603319e+00,3.363663594670e-01,3.046220979566e+00,1.967082403239e-01,5.206675201574e+00,3.363511894788e-01,3.044882129303e+00,1.966993688610e-01,5.218561643142e+00,3.369062928944e-01,3.051833362501e+00,1.970239953078e-01,5.216518947675e+00,3.368028946296e-01,3.050638786945e+00,1.969635276357e-01,3.590415112292e-01
7.250000000000e+01,5.230225118647e+00,3.363651433633e-01,3.058654204354e+00,1.967075291421e-01,5.229646002772e+00,3.362720632270e-01,3.058315535336e+00,1.966530955483e-01,5.198395749236e+00,3.346631288115e-01,3.040040276203e+00,1.957121849941e-01,5.196102688052e+00,3.346466914355e-01,3.038699285888e+00,1.957025723584e-01,5.207978310735e+00,3.352011137685e-01,3.045644192163e+00,1.960268005056e-01,5.205937975958e+00,3.350979526473e-01,3.044450997147e+00,1.959664715159e-01,3.572272522690e-01
7.300000000000e+01,5.219698955031e+00,3.346757060609e-01,3.052498466529e+00,1.957195402142e-01,5.219124484990e+00,3.345836512109e-01,3.052162514411e+00,1.956657062113e-01,5.187912128985e+00,3.329787582108e-01,3.033909417888e+00,1.947271590913e-01,5.185615504957e+00,3.329610822886e-01,3.032566344009e+00,1.947168221493e-01,5.197480290024e+00,3.335148075693e-01,3.039504912409e+00,1.950406426579e-01,5.195442311159e+00,3.334118840518e-01,3.038313095138e+00,1.949804526197e-01,3.554330403980e-01
7.350000000000e+01,5.209256996483e+00,3.330048256302e-01,3.046391972125e+00,1.947424034106e-01,5.208687107438e+00,3.329137787175e-01,3.046058698990e+00,1.946891588531e-01,5.177512546793e+00,3.313129268528e-01,3.027827705328e+00,1.937529750034e-01,5.175212454223e+00,3.312940404833e-01,3.026482603033e+00,1.937419301875e-01,5.187066384693e+00,3.318470534162e-01,3.033414823626e+00,1.940653341125e-01,5.185030756832e+00,3.317443679108e-01,3.032224381231e+00,1.940052832647e-01,3.536585353253e-01
7.400000000000e+01,5.198898071120e+00,3.313521889389e-01,3.040334035823e+00,1.937759356106e-01,5.198332699518e+00,3.312621330094e-01,3.040003404505e+00,1.937232705835e-01,5.167195830708e+00,3.296653212647e-01,3.021794453162e+00,1.927894494103e-01,5.164892361672e+00,3.296452518266e-01,3.020447376298e+00,1.927777127317e-01,5.176735422243e+00,3.301975377651e-01,3.027373240134e+00,1.931006915079e-01,5.174702140357e+00,3.300950906297e-01,3.026184169674e+00,1.930407800597e-01,3.519034045288e-01
7.450000000000e+01,5.188621030222e+00,3.297174899613e-01,3.034323985847e+00,1.928199578491e-01,5.188060113763e+00,3.296284084442e-01,3.033995959911e+00,1.927678626620e-01,5.156960831987e+00,3.280356351019e-01,3.015808989600e+00,1.918364031608e-01,5.154654076397e+00,3.280144092759e-01,3.014459990747e+00,1.918239902225e-01,5.166486253388e+00,3.285659541983e-01,3.021379489828e+00,1.921465356498e-01,5.164455312332e+00,3.284637457416e-01,3.020191788293e+00,1.920867637817e-01,3.501673230323e-01
7.500000000000e+01,5.178424747637e+00,3.281004295754e-01,3.028361163618e+00,1.918742951988e-01,5.177868225239e+00,3.280123062729e-01,3.028035707346e+00,1.918227603788e-01,5.146806424503e+00,3.264235689449e-01,3.009870656079e+00,1.908936611531e-01,5.144496470168e+00,3.264012127354e-01,3.008519786589e+00,1.908805871625e-01,5.156317751456e+00,3.269520032218e-01,3.015432913824e+00,1.912026913929e-01,5.154289145974e+00,3.268500337042e-01,3.014246578141e+00,1.911430592573e-01,3.484499731911e-01
7.550000000000e+01,5.168308119209e+00,3.265007153687e-01,3.022444923423e+00,1.909387766555e-01,5.167755930982e+00,3.264135344448e-01,3.022122001789e+00,1.908877929419e-01,5.136731504167e+00,3.248288301035e-01,3.003978806924e+00,1.899610522211e-01,5.134418436850e+00,3.248053688584e-01,3.002626116951e+00,1.899473320018e-01,5.146228811818e+00,3.253553920686e-01,3.009532866131e+00,1.902689875263e-01,5.144202536547e+00,3.252536617041e-01,3.008347893164e+00,1.902094952483e-01,3.467510444848e-01
7.600000000000e+01,5.158270062224e+00,3.249180614487e-01,3.016574632087e+00,1.900132350283e-01,5.157722149436e+00,3.248318074195e-01,3.016254210745e+00,1.899627933661e-01,5.126734988376e+00,3.232511324268e-01,2.998132809025e+00,1.890384090227e-01,5.124418891848e+00,3.232265908579e-01,2.996778347559e+00,1.890240570261e-01,5.136218351324e+00,3.237758345101e-01,3.003678713321e+00,1.893452566624e-01,5.134194400803e+00,3.236743434672e-01,3.002495099876e+00,1.892859043405e-01,3.450702333168e-01
7.650000000000e+01,5.148309514870e+00,3.233521882609e-01,3.010749668658e+00,1.890975068330e-01,5.147765819919e+00,3.232668459848e-01,3.010431713922e+00,1.890475983671e-01,5.116815815465e+00,3.216901961204e-01,2.992332041517e+00,1.881255679330e-01,5.114496771564e+00,3.216645983219e-01,2.990975856417e+00,1.881105982497e-01,5.126285307771e+00,3.222130506726e-01,2.997869834213e+00,1.884313351301e-01,5.124263676443e+00,3.221117990759e-01,2.996687577040e+00,1.883721228371e-01,3.434072428210e-01
7.700000000000e+01,5.138425435716e+00,3.218028224130e-01,3.004969424104e+00,1.881914321885e-01,5.137885902103e+00,3.217183770809e-01,3.004653902932e+00,1.881420482587e-01,5.106972944189e+00,3.201457475690e-01,2.986575895476e+00,1.872223689411e-01,5.104651032871e+00,3.201191170363e-01,2.985218033500e+00,1.872067953110e-01,5.116428639374e+00,3.206667668607e-01,2.992105619566e+00,1.875270628712e-01,5.114409321592e+00,3.205657547923e-01,2.990924715363e+00,1.874679906553e-01,3.417617826743e-01
7.750000000000e+01,5.128616803207e+00,3.202696965043e-01,2.999233301015e+00,1.872948547181e-01,5.128081375507e+00,3.201861336308e-01,2.998920180996e+00,1.872459868533e-01,5.097205353216e+00,3.186175191659e-01,2.980863773623e+00,1.863286555493e-01,5.094880652602e+00,3.185898788130e-01,2.979504280457e+00,1.863124913729e-01,5.106647324262e+00,3.191367153861e-01,2.986385471788e+00,1.866322833408e-01,5.104630314293e+00,3.190359428872e-01,2.985205917202e+00,1.865733512259e-01,3.401335689164e-01
7.800000000000e+01,5.118882615172e+00,3.187525489611e-01,2.993540713318e+00,1.864076214526e-01,5.118351239010e+00,3.186698543754e-01,2.993229962654e+00,1.863592613655e-01,5.087512040630e+00,3.171052491468e-01,2.975195090035e+00,1.854442746772e-01,5.085184627061e+00,3.170766213238e-01,2.973834010323e+00,1.854275330247e-01,5.096940359982e+00,3.176226344026e-01,2.980708804640e+00,1.857468434102e-01,5.094925652013e+00,3.175221014747e-01,2.979530596273e+00,1.856880513973e-01,3.385223237746e-01
7.850000000000e+01,5.109221888351e+00,3.172511238775e-01,2.987891086000e+00,1.855295827372e-01,5.108694510374e+00,3.171692837150e-01,2.987582673489e+00,1.854817223198e-01,5.077892023457e+00,3.156086814309e-01,2.969569269864e+00,1.845690765676e-01,5.075561971539e+00,3.155790879401e-01,2.968206647236e+00,1.845517701892e-01,5.087306763027e+00,3.161242677460e-01,2.975075042964e+00,1.848705932738e-01,5.085294351168e+00,3.160239743526e-01,2.973898177370e+00,1.848119413415e-01,3.369277754947e-01
7.900000000000e+01,5.099633657931e+00,3.157651708616e-01,2.982283854836e+00,1.846605921419e-01,5.099110225785e+00,3.156841715554e-01,2.981977749860e+00,1.846132234602e-01,5.068344337204e+00,3.141275654652e-01,2.963985749071e+00,1.837029146963e-01,5.066011719852e+00,3.140970275771e-01,2.962621626168e+00,1.836850560311e-01,5.077745568370e+00,3.146413647799e-01,2.969483622409e+00,1.840033863584e-01,5.075735446659e+00,3.145413108476e-01,2.968308096101e+00,1.839448744638e-01,3.353496581778e-01
7.950000000000e+01,5.090116977103e+00,3.142944448865e-01,2.976718466126e+00,1.838005063740e-01,5.089597439407e+00,3.142142731596e-01,2.976414638638e+00,1.837536216637e-01,5.058868035405e+00,3.126616560754e-01,2.958443974161e+00,1.828456456847e-01,5.056532923892e+00,3.126301945445e-01,2.957078392664e+00,1.828272468698e-01,5.068255829016e+00,3.131736802456e-01,2.963933989168e+00,1.831450792359e-01,5.066247991420e+00,3.130738656659e-01,2.962759798620e+00,1.830867073156e-01,3.337877116219e-01
8.000000000000e+01,5.080670916622e+00,3.128387061458e-01,2.971194376445e+00,1.829491851940e-01,5.080155222944e+00,3.127593490033e-01,2.970892796953e+00,1.829027768555e-01,5.049462189190e+00,3.112107133214e-01,2.952943401925e+00,1.819971292147e-01,5.047124653188e+00,3.111783484005e-01,2.951576402578e+00,1.819782020942e-01,5.058836615564e+00,3.117209741182e-01,2.958425599726e+00,1.822955315389e-01,5.056831055990e+00,3.116213987483e-01,2.957252741372e+00,1.822372995094e-01,3.322416811689e-01
8.050000000000e+01,5.071294564388e+00,3.113977199147e-01,2.965711052395e+00,1.821064913339e-01,5.070782665228e+00,3.113191646361e-01,2.965411691950e+00,1.820605519283e-01,5.040125886856e+00,3.097745023565e-01,2.947483499199e+00,1.811572279473e-01,5.037785994479e+00,3.097412538113e-01,2.946115121835e+00,1.811377840801e-01,5.049487015790e+00,3.102830114658e-01,2.952957920609e+00,1.814546058784e-01,5.047483728081e+00,3.101836751304e-01,2.951786390850e+00,1.813965136371e-01,3.307113175566e-01
8.100000000000e+01,5.061987025040e+00,3.099712564145e-01,2.960267970364e+00,1.812722904184e-01,5.061478871799e+00,3.098934905467e-01,2.959970800546e+00,1.812268126630e-01,5.030858233467e+00,3.083527932922e-01,2.942063742618e+00,1.803258074428e-01,5.028516051309e+00,3.083186804153e-01,2.940694026183e+00,1.803058581114e-01,5.040206134232e+00,3.088595623144e-01,2.947530428149e+00,1.806221677648e-01,5.038205112174e+00,3.087604648069e-01,2.946360223351e+00,1.805642151908e-01,3.291963767751e-01
8.150000000000e+01,5.052747419554e+00,3.085590906823e-01,2.954864616297e+00,1.804464508884e-01,5.052242964521e+00,3.084821020323e-01,2.954569609204e+00,1.804014276528e-01,5.021658350444e+00,3.069453610672e-01,2.936683618389e+00,1.795027360845e-01,5.019313943623e+00,3.069104026913e-01,2.935312600963e+00,1.794822923023e-01,5.030993091793e+00,3.074504015168e-01,2.942142608246e+00,1.797980855312e-01,5.028994329120e+00,3.073515426003e-01,2.940973724744e+00,1.797402724861e-01,3.276966199283e-01
8.200000000000e+01,5.043574884862e+00,3.071610024441e-01,2.949500485468e+00,1.796288439268e-01,5.043074081187e+00,3.070847790725e-01,2.949207613702e+00,1.795842682286e-01,5.012525375186e+00,3.055519853197e-01,2.931342622057e+00,1.786878850042e-01,5.010178807379e+00,3.055161998307e-01,2.929970340879e+00,1.786669575232e-01,5.021847025353e+00,3.060553086253e-01,2.936793956144e+00,1.789822302589e-01,5.019850515747e+00,3.059566880341e-01,2.935626390245e+00,1.789245565873e-01,3.262118130993e-01
8.250000000000e+01,5.034468573473e+00,3.057767759925e-01,2.944175082262e+00,1.788193433871e-01,5.033971375151e+00,3.057013062064e-01,2.943884318919e+00,1.787752083885e-01,5.003458460692e+00,3.041724502648e-01,2.926040258295e+00,1.778811280100e-01,5.001109794172e+00,3.041358556142e-01,2.924666749782e+00,1.778597273285e-01,5.012767087396e+00,3.046740677687e-01,2.931483976215e+00,1.781744757058e-01,5.010772824495e+00,3.045756852096e-01,2.930317724196e+00,1.781169412362e-01,3.247417272202e-01
8.300000000000e+01,5.025427653115e+00,3.044062000677e-01,2.938887919963e+00,1.780178257240e-01,5.024934014963e+00,3.043314724149e-01,2.938599238620e+00,1.779741247275e-01,4.994456775196e+00,3.028065445752e-01,2.920776040682e+00,1.770823415169e-01,4.992106070868e+00,3.027691582923e-01,2.919401340452e+00,1.770604778861e-01,5.003752445646e+00,3.033064675336e-01,2.926212181739e+00,1.773746982366e-01,5.001760423040e+00,3.032083226865e-01,2.925047239852e+00,1.773173027818e-01,3.232861379464e-01
8.350000000000e+01,5.016451306375e+00,3.030490677427e-01,2.933638520544e+00,1.772241699257e-01,5.015961184016e+00,3.029750710050e-01,2.933351895250e+00,1.771808963710e-01,4.985519501811e+00,3.014540612655e-01,2.915549491500e+00,1.762914044793e-01,4.983166819250e+00,3.014159004693e-01,2.914173634392e+00,1.762690879103e-01,4.994802282708e+00,3.019523008482e-01,2.920978094701e+00,1.765827767549e-01,4.992812493949e+00,3.018543933680e-01,2.919814459175e+00,1.765255201131e-01,3.218448255341e-01
8.400000000000e+01,5.007538730363e+00,3.017051763119e-01,2.928426414474e+00,1.764382574494e-01,5.007052080205e+00,3.016318994994e-01,2.928141819735e+00,1.763954049094e-01,4.976645838190e+00,3.001147975806e-01,2.910360141534e+00,1.755081983252e-01,4.974291235671e+00,3.000758789908e-01,2.908983161628e+00,1.754854385958e-01,4.985915795729e+00,3.006113648714e-01,2.915781245589e+00,1.757985926385e-01,4.983928234329e+00,3.005136943883e-01,2.914618912631e+00,1.757414745935e-01,3.204175747220e-01
8.450000000000e+01,4.998689136372e+00,3.003743271829e-01,2.923251140513e+00,1.756599721573e-01,4.998205915592e+00,3.003017595281e-01,2.922968551286e+00,1.756175343353e-01,4.967834996185e+00,2.987885548873e-01,2.905207529872e+00,1.747326068931e-01,4.965478530717e+00,2.987488948353e-01,2.903829460507e+00,1.747094135540e-01,4.977092196058e+00,2.992834608834e-01,2.910621173199e+00,1.750220296754e-01,4.975106855495e+00,2.991860270047e-01,2.909460138994e+00,1.749650499974e-01,3.190041746169e-01
8.500000000000e+01,4.989901749559e+00,2.990563257719e-01,2.918112245530e+00,1.748892002564e-01,4.989421916083e+00,2.989844567240e-01,2.917831637211e+00,1.748471709822e-01,4.959086201527e+00,2.974751385687e-01,2.900091203719e+00,1.739645163704e-01,4.956727928886e+00,2.974347530086e-01,2.898712077512e+00,1.739408987516e-01,4.968330708929e+00,2.979683941817e-01,2.905497424443e+00,1.742529740028e-01,4.966347582647e+00,2.978711964920e-01,2.904337685158e+00,1.741961324490e-01,3.176044185821e-01
8.550000000000e+01,4.981175808626e+00,2.977509814023e-01,2.913009284316e+00,1.741258302381e-01,4.980699321115e+00,2.976798006216e-01,2.912730632729e+00,1.740842034651e-01,4.950398693508e+00,2.961743579230e-01,2.895010718209e+00,1.732038152341e-01,4.948038668265e+00,2.961332624415e-01,2.893630567074e+00,1.731797824507e-01,4.959630573137e+00,2.966659739782e-01,2.900409554167e+00,1.734913140473e-01,4.957649654550e+00,2.965690120412e-01,2.899251105950e+00,1.734346103625e-01,3.162181041302e-01
8.600000000000e+01,4.972510565516e+00,2.964581072061e-01,2.907941819404e+00,1.733697528215e-01,4.972037383348e+00,2.963876045592e-01,2.907665100793e+00,1.733285226235e-01,4.941771724672e+00,2.948860260644e-01,2.889965636228e+00,1.724503941927e-01,4.939410000227e+00,2.948442358907e-01,2.888584491394e+00,1.724259551509e-01,4.950991040736e+00,2.953760133015e-01,2.895357124969e+00,1.727369404673e-01,4.949012323230e+00,2.952792866603e-01,2.894199963952e+00,1.726803743843e-01,3.148450328179e-01
8.650000000000e+01,4.963905285116e+00,2.951775200286e-01,2.902909420897e+00,1.726208608971e-01,4.963435368369e+00,2.951076855827e-01,2.902634611917e+00,1.725800214653e-01,4.933204560521e+00,2.936099598271e-01,2.884955528239e+00,1.717041461301e-01,4.930841189128e+00,2.935674898430e-01,2.883573420264e+00,1.716793095327e-01,4.942411376736e+00,2.940983289004e-01,2.890339707024e+00,1.719897460967e-01,4.940434853674e+00,2.940018370788e-01,2.889183829325e+00,1.719333173371e-01,3.134850101453e-01
8.700000000000e+01,4.955359244963e+00,2.939090403360e-01,2.897911666298e+00,1.718790494727e-01,4.954892554401e+00,2.938398643541e-01,2.897638744002e+00,1.718385951131e-01,4.924696479219e+00,2.923459796729e-01,2.879979972110e+00,1.709649660518e-01,4.922331512018e+00,2.923028444218e-01,2.878596930901e+00,1.709397404039e-01,4.933890858818e+00,2.928327411514e-01,2.885356877918e+00,1.712496258912e-01,4.931916523537e+00,2.927364836545e-01,2.884202279641e+00,1.711933341655e-01,3.121378454574e-01
8.750000000000e+01,4.946871734970e+00,2.926524921254e-01,2.892948140343e+00,1.711442156213e-01,4.946408232026e+00,2.925839650615e-01,2.892677082177e+00,1.711041407513e-01,4.916246771315e+00,2.910939096008e-01,2.875038552951e+00,1.702327510317e-01,4.913880258356e+00,2.910501232965e-01,2.873654607778e+00,1.702071446456e-01,4.925428777049e+00,2.915790739683e-01,2.880408222479e+00,1.705164768750e-01,4.923456622864e+00,2.914830502837e-01,2.879254899715e+00,1.704603218836e-01,3.108033518486e-01
8.800000000000e+01,4.938442057142e+00,2.914077028374e-01,2.888018434844e+00,1.704162584297e-01,4.937981703906e+00,2.913398153319e-01,2.887749218638e+00,1.703765575757e-01,4.907854739464e+00,2.898535770596e-01,2.870130862953e+00,1.695074001613e-01,4.905486729737e+00,2.898091535955e-01,2.868746042464e+00,1.694814211619e-01,4.917024433605e+00,2.903371547155e-01,2.875493332618e+00,1.697901980901e-01,4.915054453815e+00,2.902413643138e-01,2.874341281448e+00,1.697341795233e-01,3.094813460703e-01
8.850000000000e+01,4.930069525319e+00,2.901745032725e-01,2.883122148531e+00,1.696950789492e-01,4.929612284521e+00,2.901072461474e-01,2.882854752490e+00,1.696557467438e-01,4.899519698163e+00,2.886248128629e-01,2.865256501230e+00,1.687888144999e-01,4.897150239619e+00,2.885797658204e-01,2.863870833468e+00,1.687624708296e-01,4.908677142508e+00,2.891068141223e-01,2.870611807171e+00,1.690706905464e-01,4.906709330394e+00,2.890112564580e-01,2.869461023665e+00,1.690148080853e-01,3.081716484414e-01
8.900000000000e+01,4.921753464911e+00,2.889527275079e-01,2.878258886902e+00,1.689805801476e-01,4.921299299906e+00,2.888860917625e-01,2.877993289596e+00,1.689416113273e-01,4.891240973487e+00,2.874074511074e-01,2.860415073670e+00,1.680768970265e-01,4.888870113070e+00,2.873617937637e-01,2.859028586087e+00,1.680501964500e-01,4.900386229363e+00,2.878878862012e-01,2.865763251751e+00,1.683578571738e-01,4.898420578190e+00,2.877925607134e-01,2.864613731971e+00,1.683021104904e-01,3.068740827606e-01
8.950000000000e+01,4.913493212646e+00,2.877422128187e-01,2.873428262073e+00,1.682726668629e-01,4.913042087405e+00,2.876761896253e-01,2.873164442432e+00,1.682340562652e-01,4.883017902840e+00,2.862013290922e-01,2.855606192783e+00,1.673715525931e-01,4.880645686506e+00,2.861550744289e-01,2.854218912255e+00,1.673445027020e-01,4.892151031107e+00,2.866802081679e-01,2.860947278594e+00,1.676516027755e-01,4.890187534126e+00,2.865851142813e-01,2.859799018594e+00,1.675959915332e-01,3.055884762224e-01
9.000000000000e+01,4.905288116326e+00,2.865427996003e-01,2.868629892636e+00,1.675712457577e-01,4.904839995420e+00,2.864773803002e-01,2.868367829941e+00,1.675329883189e-01,4.874849834708e+00,2.850062872416e-01,2.850829477562e+00,1.666726878793e-01,4.872476307450e+00,2.849594479522e-01,2.849441430401e+00,1.666452960967e-01,4.883970895759e+00,2.854836203637e-01,2.856163506423e+00,1.669518339826e-01,4.882009546212e+00,2.853887574888e-01,2.855016502250e+00,1.668963578368e-01,3.043146593349e-01
9.050000000000e+01,4.897137534589e+00,2.853543312934e-01,2.863863403521e+00,1.668762252756e-01,4.896692383174e+00,2.852895073923e-01,2.863603077394e+00,1.668383160282e-01,4.866736128417e+00,2.838221690301e-01,2.846084553338e+00,1.659802113484e-01,4.864361334289e+00,2.837747575271e-01,2.844695765308e+00,1.659524849332e-01,4.875845182186e+00,2.842979661802e-01,2.851411560299e+00,1.662584592097e-01,4.873885973304e+00,2.842033337144e-01,2.850265807993e+00,1.662031178080e-01,3.030524658397e-01
9.100000000000e+01,4.889040836672e+00,2.841766543109e-01,2.859128425855e+00,1.661875155982e-01,4.888598620479e+00,2.841124174757e-01,2.858869816257e+00,1.661499496691e-01,4.858676153901e+00,2.826488209087e-01,2.841371051648e+00,1.652940332044e-01,4.856300136040e+00,2.826008493312e-01,2.839981547973e+00,1.652659792557e-01,4.867773259866e+00,2.831230919860e-01,2.846691071489e+00,1.655713886130e-01,4.865816184871e+00,2.830286893143e-01,2.845546567089e+00,1.655161815956e-01,3.018017326350e-01
9.150000000000e+01,4.880997402188e+00,2.830096179673e-01,2.854424596834e+00,1.655050286042e-01,4.880558087511e+00,2.829459600218e-01,2.854167684052e+00,1.654678012119e-01,4.850669291475e+00,2.814860922343e-01,2.836688610096e+00,1.646140653507e-01,4.848292092122e+00,2.814375724551e-01,2.835298415480e+00,1.645856908117e-01,4.859754508661e+00,2.819588470563e-01,2.842001677337e+00,1.648905340478e-01,4.857799560768e+00,2.818646735515e-01,2.840858416874e+00,1.648354610480e-01,3.005622997000e-01
9.200000000000e+01,4.873006620904e+00,2.818530744099e-01,2.849751559590e+00,1.648286778289e-01,4.872570174586e+00,2.817899873311e-01,2.849496324235e+00,1.647917842814e-01,4.842714931615e+00,2.803338352003e-01,2.832036872230e+00,1.639402213494e-01,4.840336592136e+00,2.802847788327e-01,2.830646010866e+00,1.639115330116e-01,4.851788318595e+00,2.808050835033e-01,2.837343021125e+00,1.642158090288e-01,4.849835491016e+00,2.807111385269e-01,2.836201000629e+00,1.641608696733e-01,2.993340100224e-01
9.250000000000e+01,4.865067892524e+00,2.807068785521e-01,2.845108963070e+00,1.641583784249e-01,4.864634281948e+00,2.806443544668e-01,2.844855386067e+00,1.641218141180e-01,4.834812474739e+00,2.791919047700e-01,2.827415487414e+00,1.632724163826e-01,4.832433035649e+00,2.791423231742e-01,2.826023982992e+00,1.632434208895e-01,4.843874089642e+00,2.796616562092e-01,2.832714751957e+00,1.635471286908e-01,4.841923375583e+00,2.795679391120e-01,2.831573967454e+00,1.634923225998e-01,2.981167095266e-01
9.300000000000e+01,4.857180626486e+00,2.795708880079e-01,2.840496461910e+00,1.634940471246e-01,4.856749819561e+00,2.795089191892e-01,2.840244524492e+00,1.634578075396e-01,4.826961331000e+00,2.780601586112e-01,2.822824110702e+00,1.626105672139e-01,4.824580831978e+00,2.780100629011e-01,2.821431986429e+00,1.625812710649e-01,4.836011231512e+00,2.785284227617e-01,2.828116524628e+00,1.628844097504e-01,4.834062624178e+00,2.784349328843e-01,2.826976972146e+00,1.628297365384e-01,2.969102470057e-01
9.350000000000e+01,4.849344241749e+00,2.784449630298e-01,2.835913716315e+00,1.628356022030e-01,4.848916206901e+00,2.783835418933e-01,2.835663400017e+00,1.627996829045e-01,4.819160920082e+00,2.769384570332e-01,2.818262402724e+00,1.619545921517e-01,4.816779399993e+00,2.768878580823e-01,2.816869681328e+00,1.619250017057e-01,4.828199163451e+00,2.774052433901e-01,2.823547999511e+00,1.622275704692e-01,4.826252656045e+00,2.773119800634e-01,2.822409675074e+00,1.621730297449e-01,2.957144740539e-01
9.400000000000e+01,4.841558166600e+00,2.773289664464e-01,2.831360391946e+00,1.621829634419e-01,4.841132872762e+00,2.772680855475e-01,2.831111678600e+00,1.621473600763e-01,4.811410670997e+00,2.758266629249e-01,2.813730029564e+00,1.613044110129e-01,4.809028167913e+00,2.757755713723e-01,2.812336733308e+00,1.612745324917e-01,4.820437314035e+00,2.762919809040e-01,2.819008842436e+00,1.615765306179e-01,4.818492899761e+00,2.761989434498e-01,2.817871742071e+00,1.615221219846e-01,2.945292450014e-01
9.450000000000e+01,4.833821838462e+00,2.762227636037e-01,2.826836159805e+00,1.615360520951e-01,4.833399255059e+00,2.761624156339e-01,2.826589031531e+00,1.615007603882e-01,4.803710021896e+00,2.747246416953e-01,2.809226662651e+00,1.606599450883e-01,4.801326573110e+00,2.746730679520e-01,2.807832813345e+00,1.606297845802e-01,4.812725120984e+00,2.751885006337e-01,2.814498724580e+00,1.609312114410e-01,4.810782793048e+00,2.750956883651e-01,2.813362844312e+00,1.608769344971e-01,2.933544168515e-01
9.500000000000e+01,4.826134703698e+00,2.751262223064e-01,2.822340696123e+00,1.608947908543e-01,4.825714800642e+00,2.750664000903e-01,2.822095135327e+00,1.608598066101e-01,4.796058419875e+00,2.736322612153e-01,2.804751978644e+00,1.600211171082e-01,4.793674061923e+00,2.735802154696e-01,2.803357597655e+00,1.599906805715e-01,4.805062030968e+00,2.740946703718e-01,2.810017322353e+00,1.602915356233e-01,4.803121782576e+00,2.740020825939e-01,2.808882658210e+00,1.602373899623e-01,2.921898492187e-01
9.550000000000e+01,4.818496217434e+00,2.740392127621e-01,2.817873682258e+00,1.602591038165e-01,4.818078965111e+00,2.739799092545e-01,2.817629671619e+00,1.602244229148e-01,4.788455320797e+00,2.725493917611e-01,2.800305659330e+00,1.593878512097e-01,4.786070089471e+00,2.724968839843e-01,2.798910767588e+00,1.593571444755e-01,4.797447499422e+00,2.730103603169e-01,2.805564317291e+00,1.596574272565e-01,4.795509323786e+00,2.729179963269e-01,2.804430865303e+00,1.596034124675e-01,2.910354042689e-01
9.600000000000e+01,4.810905843376e+00,2.729616075263e-01,2.813434804581e+00,1.596289164516e-01,4.810491212638e+00,2.729028158089e-01,2.813192327054e+00,1.595945348467e-01,4.780900189103e+00,2.714759059596e-01,2.795887391513e+00,1.587600729046e-01,4.778514119473e+00,2.714229459109e-01,2.794492009528e+00,1.587291016803e-01,4.789880990369e+00,2.719354430187e-01,2.801139395954e+00,1.590288118071e-01,4.787944880705e+00,2.718433021066e-01,2.800007152153e+00,1.589749274748e-01,2.898909466613e-01
9.650000000000e+01,4.803363053638e+00,2.718932814488e-01,2.809023754383e+00,1.590041555715e-01,4.802951015792e+00,2.718349947279e-01,2.808782793189e+00,1.589700692903e-01,4.773392497647e+00,2.704116787343e-01,2.791496866914e+00,1.581377090478e-01,4.771005624073e+00,2.703582759669e-01,2.790101014780e+00,1.581064789200e-01,4.782361976245e+00,2.708697933244e-01,2.796742249819e+00,1.584056160853e-01,4.780427925775e+00,2.707778747733e-01,2.795611210243e+00,1.583518617906e-01,2.887563434918e-01
9.700000000000e+01,4.795867328566e+00,2.708341116226e-01,2.804640227769e+00,1.583847492995e-01,4.795457855366e+00,2.707763232257e-01,2.804400766388e+00,1.583509544400e-01,4.765931727516e+00,2.693565872541e-01,2.787133782074e+00,1.575206878071e-01,4.763544083668e+00,2.693027511194e-01,2.785737479481e+00,1.574892042446e-01,4.774889937725e+00,2.698132883266e-01,2.792372575184e+00,1.577877682145e-01,4.772957939677e+00,2.697215914135e-01,2.791242735872e+00,1.577341435344e-01,2.876314642379e-01
9.750000000000e+01,4.788418156579e+00,2.697839773326e-01,2.800283925563e+00,1.577706270412e-01,4.788011220216e+00,2.697266807060e-01,2.800045947735e+00,1.577371197707e-01,4.758517367871e+00,2.683105108821e-01,2.782797838250e+00,1.569089386337e-01,4.756128986743e+00,2.682562505352e-01,2.781401104493e+00,1.568772069903e-01,4.767464363558e+00,2.687658073132e-01,2.788030073069e+00,1.571751976018e-01,4.765534411169e+00,2.686743313088e-01,2.786901430064e+00,1.571217021099e-01,2.865161807051e-01
9.800000000000e+01,4.781015034001e+00,2.687427600071e-01,2.795954553216e+00,1.571617194554e-01,4.780610607095e+00,2.686859487131e-01,2.795718042927e+00,1.571284960091e-01,4.751148915780e+00,2.672733311267e-01,2.778488741327e+00,1.563023922332e-01,4.748759829703e+00,2.672186555309e-01,2.777091595313e+00,1.562704177508e-01,4.760084750408e+00,2.677272317178e-01,2.783714449118e+00,1.565678349091e-01,4.758156836921e+00,2.676359758871e-01,2.782586998471e+00,1.565144681756e-01,2.854103669749e-01
9.850000000000e+01,4.773657464906e+00,2.677103431698e-01,2.791651820707e+00,1.565579584263e-01,4.773255520498e+00,2.676540108843e-01,2.791416762192e+00,1.565250151059e-01,4.743825876062e+00,2.662449315937e-01,2.774206201719e+00,1.557009805379e-01,4.741436116722e+00,2.661898495252e-01,2.772808661980e+00,1.556687683488e-01,4.752750602688e+00,2.666974450719e-01,2.779425413513e+00,1.559656120253e-01,4.750824721359e+00,2.666064086749e-01,2.778299151279e+00,1.559123736173e-01,2.843138993540e-01
9.900000000000e+01,4.766344960962e+00,2.666866123935e-01,2.787375442459e+00,1.559592770365e-01,4.765945472504e+00,2.666307529033e-01,2.787141820192e+00,1.559266102085e-01,4.736547761128e+00,2.652251979396e-01,2.769949934286e+00,1.551046366793e-01,4.734157359581e+00,2.651697179922e-01,2.768552018981e+00,1.550721918092e-01,4.745461432414e+00,2.656763329584e-01,2.775162680877e+00,1.553684620388e-01,4.743537576507e+00,2.655855152500e-01,2.774037603117e+00,1.553153515207e-01,2.832266563249e-01
9.950000000000e+01,4.759077041284e+00,2.656714552546e-01,2.783125137247e+00,1.553656095403e-01,4.758679982632e+00,2.656160624551e-01,2.782892935939e+00,1.553332156346e-01,4.729314090838e+00,2.642140178264e-01,2.765719658238e+00,1.545132949618e-01,4.726923077520e+00,2.641581484156e-01,2.764321385167e+00,1.544806223321e-01,4.738216759047e+00,2.646637829663e-01,2.770925970190e+00,1.547763192112e-01,4.736294921837e+00,2.645731831968e-01,2.769802072972e+00,1.547233361446e-01,2.821485184982e-01
1.000000000000e+02,4.751853232280e+00,2.646647612893e-01,2.778900628114e+00,1.547768913380e-01,4.751458577685e+00,2.646098291820e-01,2.778669832707e+00,1.547447668467e-01,4.722124392348e+00,2.632112808772e-01,2.761515097055e+00,1.539268908365e-01,4.719732797092e+00,2.631550302447e-01,2.760116483664e+00,1.538939952671e-01,4.731016109352e+00,2.636596846462e-01,2.766715004703e+00,1.541891189514e-01,4.729096284126e+00,2.635693020619e-01,2.765592284100e+00,1.541362628954e-01,2.810793685651e-01
