t_s,numerical,exact
3.636549160388e-05,0.000000000000e+00,1.439367007997e-192
7.273098320776e-05,0.000000000000e+00,2.711841283684e-191
1.090964748116e-04,0.000000000000e+00,5.059442663947e-190
1.454619664155e-04,0.000000000000e+00,9.347312796208e-189
1.818274580194e-04,0.000000000000e+00,1.710080521336e-187
2.181929496233e-04,0.000000000000e+00,3.098075740605e-186
2.545584412272e-04,0.000000000000e+00,5.557931482786e-185
2.909239328310e-04,0.000000000000e+00,9.873702392390e-184
3.272894244349e-04,0.000000000000e+00,1.736970984545e-182
3.636549160388e-04,0.000000000000e+00,3.025873594365e-181
4.000204076427e-04,0.000000000000e+00,5.219809888975e-180
4.363858992466e-04,0.000000000000e+00,8.916702499541e-179
4.727513908504e-04,0.000000000000e+00,1.508341063972e-177
5.091168824543e-04,0.000000000000e+00,2.526623430329e-176
5.454823740582e-04,0.000000000000e+00,4.191091769651e-175
5.818478656621e-04,0.000000000000e+00,6.884295574565e-174
6.182133572660e-04,0.000000000000e+00,1.119792444658e-172
6.545788488698e-04,0.000000000000e+00,1.803687287166e-171
6.909443404737e-04,0.000000000000e+00,2.876938925224e-170
7.273098320776e-04,0.000000000000e+00,4.544077472067e-169
7.636753236815e-04,0.000000000000e+00,7.107330293024e-168
8.000408152854e-04,0.000000000000e+00,1.100811496855e-166
8.364063068892e-04,0.000000000000e+00,1.688360183063e-165
8.727717984931e-04,0.000000000000e+00,2.564265168100e-164
9.091372900970e-04,0.000000000000e+00,3.856616468254e-163
9.455027817009e-04,0.000000000000e+00,5.743751688600e-162
9.818682733047e-04,0.000000000000e+00,8.470919373090e-161
1.018233764909e-03,0.000000000000e+00,1.237118001748e-159
1.054599256513e-03,0.000000000000e+00,1.789111435614e-158
1.090964748116e-03,0.000000000000e+00,2.562178269247e-157
1.127330239720e-03,0.000000000000e+00,3.633515205773e-156
1.163695731324e-03,0.000000000000e+00,5.102585695736e-155
1.200061222928e-03,0.000000000000e+00,7.095766556107e-154
1.236426714532e-03,0.000000000000e+00,9.771337586827e-153
1.272792206136e-03,0.000000000000e+00,1.332460683236e-151
1.309157697740e-03,0.000000000000e+00,1.799287137259e-150
1.345523189344e-03,0.000000000000e+00,2.405981225282e-149
1.381888680947e-03,0.000000000000e+00,3.185881951341e-148
1.418254172551e-03,0.000000000000e+00,4.177464921249e-147
1.454619664155e-03,0.000000000000e+00,5.424274142787e-146
1.490985155759e-03,0.000000000000e+00,6.974549104266e-145
1.527350647363e-03,0.000000000000e+00,8.880477711163e-144
1.563716138967e-03,0.000000000000e+00,1.119701364920e-142
1.600081630571e-03,0.000000000000e+00,1.398021251905e-141
1.636447122175e-03,0.000000000000e+00,1.728506534873e-140
1.672812613778e-03,0.000000000000e+00,2.116284080132e-139
1.709178105382e-03,0.000000000000e+00,2.565798759375e-138
1.745543596986e-03,0.000000000000e+00,3.080469430576e-137
1.781909088590e-03,0.000000000000e+00,3.662325177565e-136
1.818274580194e-03,4.499132281995e-164,4.311640956267e-135
1.854640071798e-03,-4.463209229618e-159,5.026595768753e-134
1.891005563402e-03,1.000410061147e-154,5.802979291229e-133
1.927371055006e-03,-9.611555592679e-151,6.633974026584e-132
1.963736546609e-03,4.921857298997e-147,7.510039126654e-131
2.000102038213e-03,-1.504518538891e-143,8.418918768516e-130
2.036467529817e-03,2.977530348513e-140,9.345792306976e-129
2.072833021421e-03,-4.054943799500e-137,1.027357553437e-127
2.109198513025e-03,3.980475426250e-134,1.118337268544e-126
2.145564004629e-03,-2.920599285322e-131,1.205506799610e-125
2.181929496233e-03,1.649169854609e-128,1.286803452371e-124
2.218294987837e-03,-7.340249839994e-126,1.360192754701e-123
2.254660479441e-03,2.627114623586e-123,1.423752119634e-122
2.291025971044e-03,-7.689521889135e-121,1.475754094451e-121
2.327391462648e-03,1.867395675817e-118,1.514744194716e-120
2.363756954252e-03,-3.809723155803e-116,1.539608440491e-119
2.400122445856e-03,6.600330605374e-114,1.549626221838e-118
2.436487937460e-03,-9.802955340650e-112,1.544504993191e-117
2.472853429064e-03,1.258550990866e-109,1.524394465643e-116
2.509218920668e-03,-1.406959715042e-107,1.489879336359e-115
2.545584412272e-03,1.378455899805e-105,1.441951047831e-114
2.581949903875e-03,-1.190374231790e-103,1.381960480432e-113
2.618315395479e-03,9.106420742314e-102,1.311554728014e-112
2.654680887083e-03,-6.199096508585e-100,1.232602083884e-111
2.691046378687e-03,3.770050455621e-98,1.147109996924e-110
2.727411870291e-03,-2.055566755296e-96,1.057141003693e-109
2.763777361895e-03,1.007955285951e-94,9.647314989305e-109
2.800142853499e-03,-4.457523853620e-93,8.718177075733e-108
2.836508345103e-03,1.782341363671e-91,7.801724310282e-107
2.872873836706e-03,-6.458746496284e-90,6.913551464545e-106
2.909239328310e-03,2.125816541166e-88,6.066769396230e-105
2.945604819914e-03,-6.368875416549e-87,5.271806499958e-104
2.981970311518e-03,1.740660262570e-85,4.536355921459e-103
3.018335803122e-03,-4.349952767837e-84,3.865453642220e-102
3.054701294726e-03,9.964446274108e-83,3.261666125848e-101
3.091066786330e-03,-2.097825713293e-81,2.725362174520e-100
3.127432277934e-03,4.070036104493e-80,2.255041981810e-99
3.163797769538e-03,-7.294269822089e-79,1.847696880851e-98
3.200163261141e-03,1.209453633709e-77,1.499175604681e-97
3.236528752745e-03,-1.855000568440e-76,1.204536526532e-96
3.272894244349e-03,2.623851399072e-75,9.583698189737e-96
3.309259735953e-03,-3.398074077725e-74,7.550782653579e-95
3.345625227557e-03,3.975362963307e-73,5.891101387916e-94
3.381990719161e-03,-4.102615595195e-72,4.551417883172e-93
3.418356210765e-03,3.569274894905e-71,3.482111012932e-92
3.454721702369e-03,-2.340766610862e-70,2.638057155024e-91
3.491087193972e-03,6.582056210044e-70,1.979117026555e-90
3.527452685576e-03,9.918840228217e-69,1.470294851083e-89
3.563818177180e-03,-2.074892844622e-67,1.081640858815e-88
3.600183668784e-03,2.283425937353e-66,7.879658920330e-88
3.636549160388e-03,-1.708884577696e-65,5.684305886784e-87
3.672914651992e-03,7.741184719734e-65,4.060627471543e-86
3.709280143596e-03,3.353036171964e-65,2.872463661159e-85
3.745645635200e-03,-4.337801813857e-63,2.012155892195e-84
3.782011126803e-03,4.434863217731e-62,1.395771714205e-83
3.818376618407e-03,-2.617682711319e-61,9.587664929525e-83
3.854742110011e-03,8.412400816563e-61,6.521642519523e-82
3.891107601615e-03,5.227825258639e-61,4.392854490013e-81
3.927473093219e-03,-2.155837823492e-59,2.930099260748e-80
3.963838584823e-03,1.120272451378e-58,1.935367904672e-79
4.000204076427e-03,-2.668138549816e-58,1.265873834336e-78
4.036569568031e-03,5.907595944509e-58,8.199039869026e-78
4.072935059635e-03,-6.279353083025e-57,5.258734683522e-77
4.109300551238e-03,2.664777749983e-56,3.339990324264e-76
4.145666042842e-03,2.236619865854e-55,2.100655541004e-75
4.182031534446e-03,-2.969587688911e-54,1.308308509001e-74
4.218397026050e-03,1.010033963627e-53,8.068841317485e-74
4.254762517654e-03,3.865126727459e-53,4.927854428951e-73
4.291128009258e-03,-4.616280108595e-52,2.980233225626e-72
4.327493500862e-03,1.001337185321e-51,1.784794919497e-71
4.363858992466e-03,6.713349660163e-51,1.058454214660e-70
4.400224484069e-03,-4.465484590267e-50,6.215864215636e-70
4.436589975673e-03,8.447384673270e-51,3.614736527752e-69
4.472955467277e-03,8.050529226439e-49,2.081600882928e-68
4.509320958881e-03,-2.244000478823e-48,1.187036206397e-67
4.545686450485e-03,-8.013354948481e-48,6.703107044562e-67
4.582051942089e-03,5.207845189597e-47,3.748297304859e-66
4.618417433693e-03,1.980300033646e-47,2.075570995533e-65
4.654782925297e-03,-7.670977522767e-46,1.138116821574e-64
4.691148416900e-03,8.832886916728e-46,6.179904704847e-64
4.727513908504e-03,8.627800970659e-45,3.322939244535e-63
4.763879400108e-03,-2.048230337190e-44,1.769329465898e-62
4.800244891712e-03,-8.044386147301e-44,9.329120575579e-62
4.836610383316e-03,2.900812767130e-43,4.871002909187e-61
4.872975874920e-03,6.691429614028e-43,2.518498858772e-60
4.909341366524e-03,-3.243396205583e-42,1.289468729171e-59
4.945706858128e-03,-5.476431123701e-42,6.537708572828e-59
4.982072349732e-03,3.091297065937e-41,3.282358302936e-58
5.018437841335e-03,4.887288158442e-41,1.631894592237e-57
5.054803332939e-03,-2.573552255556e-40,8.034223449386e-57
5.091168824543e-03,-4.852354166213e-40,3.916890186978e-56
5.127534316147e-03,1.840834139669e-39,1.890969710312e-55
5.163899807751e-03,4.940554134501e-39,9.040104180987e-55
5.200265299355e-03,-1.034093493005e-38,4.279647363407e-54
5.236630790959e-03,-4.680934277517e-38,2.006264653498e-53
5.272996282563e-03,2.900022050178e-38,9.313526294384e-53
5.309361774166e-03,3.827254718524e-37,4.281399509427e-52
5.345727265770e-03,2.635464639820e-37,1.948960564377e-51
5.382092757374e-03,-2.475407886203e-36,8.785490934937e-51
5.418458248978e-03,-5.409753043920e-36,3.921703041736e-50
5.454823740582e-03,1.001351205189e-35,1.733520819206e-49
5.491189232186e-03,5.401110800399e-35,7.588031153872e-49
5.527554723790e-03,1.474853823962e-35,3.289083018422e-48
5.563920215394e-03,-3.514996071130e-34,1.411777487842e-47
5.600285706997e-03,-6.958595659163e-34,6.000719908503e-47
5.636651198601e-03,1.160056562016e-33,2.525725484523e-46
5.673016690205e-03,6.721674470587e-33,1.052724240486e-45
5.709382181809e-03,4.779718696978e-33,4.344990057773e-45
5.745747673413e-03,-3.455947486468e-32,1.775859641382e-44
5.782113165017e-03,-9.741310024466e-32,7.187439045771e-44
5.818478656621e-03,2.582994289786e-32,2.880616198121e-43
5.854844148225e-03,6.580893987404e-31,1.143252892956e-42
5.891209639828e-03,1.188826507971e-30,4.493087810410e-42
5.927575131432e-03,-1.504929510936e-30,1.748610936304e-41
5.963940623036e-03,-1.026762251426e-29,6.738871280059e-41
6.000306114640e-03,-1.318211979430e-29,2.571738570170e-40
6.036671606244e-03,3.080099727552e-29,9.718789200611e-40
6.073037097848e-03,1.430785405830e-28,3.636999097088e-39
6.109402589452e-03,1.455686805374e-28,1.347782803156e-38
6.145768081056e-03,-4.652585462331e-28,4.945865650091e-38
6.182133572660e-03,-1.854679490950e-27,1.797257919192e-37
6.218499064263e-03,-1.759482805465e-27,6.467317518661e-37
6.254864555867e-03,5.755639211146e-27,2.304536801798e-36
6.291230047471e-03,2.266421573416e-26,8.131839512371e-36
6.327595539075e-03,2.382769019540e-26,2.841447503194e-35
6.363961030679e-03,-5.832805207058e-26,9.831870761330e-35
6.400326522283e-03,-2.586367780135e-25,3.368824387439e-34
6.436692013887e-03,-3.359458596461e-25,1.143052743160e-33
6.473057505491e-03,4.394589875281e-25,3.840606873439e-33
6.509422997094e-03,2.674570941729e-24,1.277847789782e-32
6.545788488698e-03,4.486686546947e-24,4.210213157409e-32
6.582153980302e-03,-1.333622424454e-24,1.373645693227e-31
6.618519471906e-03,-2.374367491307e-23,4.438038447456e-31
6.654884963510e-03,-5.297635028412e-23,1.419884696555e-30
6.691250455114e-03,-2.719412984757e-23,4.498428098593e-30
6.727615946718e-03,1.622544204479e-22,1.411283210077e-29
6.763981438322e-03,5.234862103913e-22,4.384431134247e-29
6.800346929925e-03,6.343411641473e-22,1.348832488581e-28
6.836712421529e-03,-5.678392580448e-22,4.109116644878e-28
6.873077913133e-03,-4.021081021602e-21,1.239608678487e-27
6.909443404737e-03,-7.914031700655e-21,3.703108467758e-27
6.945808896341e-03,-4.238450679832e-21,1.095453494126e-26
6.982174387945e-03,1.990599079329e-20,3.208980983439e-26
7.018539879549e-03,6.683686294784e-20,9.308635581036e-26
7.054905371153e-03,9.574941646156e-20,2.673933489601e-25
7.091270862757e-03,-1.935708207891e-21,7.606079478905e-25
7.127636354360e-03,-3.514790494887e-19,2.142480138436e-24
7.164001845964e-03,-8.904781979854e-19,5.976107988417e-24
7.200367337568e-03,-1.046216383518e-18,1.650690893330e-23
7.236732829172e-03,3.828178533990e-19,4.515010460118e-23
7.273098320776e-03,4.499560004101e-18,1.222918325479e-22
7.309463812380e-03,1.021286151737e-17,3.280060330727e-22
7.345829303984e-03,1.144340727431e-17,8.711880255429e-22
7.382194795588e-03,-3.337504738125e-18,2.291330044446e-21
7.418560287191e-03,-4.416580647344e-17,5.967728938236e-21
7.454925778795e-03,-1.019546165750e-16,1.539133228886e-20
7.491291270399e-03,-1.262390672789e-16,3.930873127793e-20
7.527656762003e-03,-2.051294202696e-17,9.941399487805e-20
7.564022253607e-03,3.104047496461e-16,2.489726900907e-19
7.600387745211e-03,8.391665538958e-16,6.174497005204e-19
7.636753236815e-03,1.255478345499e-15,1.516341927489e-18
7.673118728419e-03,8.933950790075e-16,3.687554006278e-18
7.709484220022e-03,-1.056530727721e-15,8.880252654343e-18
7.745849711626e-03,-4.906120976686e-15,2.117668329085e-17
7.782215203230e-03,-9.514550037066e-15,5.000762712201e-17
7.818580694834e-03,-1.156046225179e-14,1.169392328435e-16
7.854946186438e-03,-5.934245050432e-15,2.707883150418e-16
7.891311678042e-03,1.196991028893e-14,6.209337787877e-16
7.927677169646e-03,4.216316688124e-14,1.409958529118e-15
7.964042661250e-03,7.578466000783e-14,3.170392840785e-15
8.000408152854e-03,9.360861050572e-14,7.059362847099e-15
8.036773644457e-03,7.031300649815e-14,1.556551943268e-14
8.073139136061e-03,-1.472623069721e-14,3.398657633019e-14
8.109504627665e-03,-1.633885847487e-13,7.348469638817e-14
8.145870119269e-03,-3.485981874579e-13,1.573374391803e-13
8.182235610873e-03,-5.157280207189e-13,3.335899338177e-13
8.218601102477e-03,-5.991092002116e-13,7.003892695364e-13
8.254966594081e-03,-5.490121163448e-13,1.456168784766e-12
8.291332085685e-03,-3.570551501544e-13,2.997986252513e-12
8.327697577288e-03,-6.715908511536e-14,6.112139302283e-12
8.364063068892e-03,2.316851709004e-13,1.233964134872e-11
8.400428560496e-03,4.173886560557e-13,2.466933924133e-11
8.436794052100e-03,3.196536113084e-13,4.883803525687e-11
8.473159543704e-03,-3.661052756336e-13,9.574245020319e-11
8.509525035308e-03,-2.281872630467e-12,1.858645556748e-10
8.545890526912e-03,-6.765215676157e-12,3.573010601147e-10
8.582256018516e-03,-1.637408462295e-11,6.801703847280e-10
8.618621510119e-03,-3.550453067901e-11,1.282173565359e-09
8.654987001723e-03,-7.077330154047e-11,2.393434825080e-09
8.691352493327e-03,-1.301763099620e-10,4.424274653599e-09
8.727717984931e-03,-2.185094490649e-10,8.098568130043e-09
8.764083476535e-03,-3.233160298992e-10,1.467979826119e-08
8.800448968139e-03,-3.792274529377e-10,2.634981808008e-08
8.836814459743e-03,-1.864432136413e-10,4.683611263807e-08
8.873179951347e-03,7.630037676177e-10,8.243843699269e-08
8.909545442950e-03,3.636507594936e-09,1.436892715630e-07
8.945910934554e-03,1.094154127338e-08,2.480073911067e-07
8.982276426158e-03,2.779794559774e-08,4.238874818629e-07
9.018641917762e-03,6.424204079762e-08,7.174344805524e-07
9.055007409366e-03,1.392818311277e-07,1.202429399600e-06
9.091372900970e-03,2.878486839687e-07,1.995641900646e-06
9.127738392574e-03,5.724243213880e-07,3.279829955803e-06
9.164103884178e-03,1.102038665782e-06,5.337842178859e-06
9.200469375782e-03,2.062624709399e-06,8.602522491579e-06
9.236834867385e-03,3.764482539676e-06,1.372876879485e-05
9.273200358989e-03,6.714949278323e-06,2.169616885879e-05
9.309565850593e-03,1.172738499429e-05,3.395316000397e-05
9.345931342197e-03,2.008132015532e-05,5.261663069349e-05
9.382296833801e-03,3.375305290246e-05,8.074424087206e-05
9.418662325405e-03,5.574101019118e-05,1.227003393204e-04
9.455027817009e-03,9.051551495928e-05,1.846399434159e-04
9.491393308613e-03,1.446277452266e-04,2.751384204717e-04
9.527758800216e-03,2.275168932512e-04,4.059967039294e-04
9.564124291820e-03,3.525568172333e-04,5.932523436112e-04
9.600489783424e-03,5.383825291995e-04,8.584244996752e-04
9.636855275028e-03,8.105311500891e-04,1.230015069442e-03
9.673220766632e-03,1.203419823109e-03,1.745277328244e-03
9.709586258236e-03,1.762662883907e-03,2.452246643011e-03
9.745951749840e-03,2.547700999058e-03,3.412004042042e-03
9.782317241444e-03,3.634675255358e-03,4.701112151397e-03
9.818682733047e-03,5.119429515099e-03,6.414124326587e-03
9.855048224651e-03,7.120466265040e-03,8.666022696764e-03
9.891413716255e-03,9.781617827336e-03,1.159439140556e-02
9.927779207859e-03,1.327413114775e-02,1.536108099614e-02
9.964144699463e-03,1.779780724821e-02,2.015307344716e-02
1.000051019107e-02,2.358079423685e-02,2.618222091396e-02
1.003687568267e-02,3.087761495004e-02,3.368351185527e-02
1.007324117427e-02,3.996502644549e-02,4.291152348783e-02
1.010960666588e-02,5.113536722578e-02,5.413475666167e-02
1.014597215748e-02,6.468715537463e-02,6.762762425812e-02
1.018233764909e-02,8.091285898522e-02,8.365998065706e-02
1.021870314069e-02,1.000839664071e-01,1.024842377592e-01
1.025506863229e-02,1.224337288448e-01,1.243203080400e-01
1.029143412390e-02,1.481382161009e-01,1.493388375513e-01
1.032779961550e-02,1.772965960734e-01,1.776434267323e-01
1.036416510711e-02,2.099117935085e-01,2.092527645680e-01
1.040053059871e-02,2.458728744281e-01,2.440837986028e-01
1.043689609031e-02,2.849406109607e-01,2.819372044861e-01
1.047326158192e-02,3.267376822389e-01,3.224864798566e-01
1.050962707352e-02,3.707448432637e-01,3.652719481123e-01
1.054599256513e-02,4.163041384742e-01,4.097008044927e-01
1.058235805673e-02,4.626298564153e-01,4.550540660979e-01
1.061872354833e-02,5.088274365093e-01,5.005009067434e-01
1.065508903994e-02,5.539199819476e-01,5.451203870882e-01
1.069145453154e-02,5.968814485309e-01,5.879300623384e-01
1.072782002314e-02,6.366750193467e-01,6.279204057939e-01
1.076418551475e-02,6.722946928171e-01,6.640934745864e-01
1.080055100635e-02,7.028077563270e-01,6.955038136429e-01
1.083691649796e-02,7.273956291568e-01,7.212992908861e-01
1.087328198956e-02,7.453905620822e-01,7.407594174568e-01
1.090964748116e-02,7.563058840637e-01,7.533287539784e-01
1.094601297277e-02,7.598578768221e-01,7.586432430842e-01
1.098237846437e-02,7.559779050826e-01,7.565477264264e-01
1.101874395598e-02,7.448140875353e-01,7.471034700130e-01
1.105510944758e-02,7.267225039863e-01,7.305851885451e-01
1.109147493918e-02,7.022486359373e-01,7.074677704367e-01
1.112784043079e-02,6.721003709237e-01,6.784035986868e-01
1.116420592239e-02,6.371144134085e-01,6.441919789042e-01
1.120057141399e-02,5.982182980871e-01,6.057426728564e-01
1.123693690560e-02,5.563903729312e-01,5.640358556563e-01
1.127330239720e-02,5.126201050742e-01,5.200809459046e-01
1.130966788881e-02,4.678708759717e-01,4.748766982040e-01
1.134603338041e-02,4.230471013088e-01,4.293747119691e-01
1.138239887201e-02,3.789670748975e-01,3.844481303522e-01
1.141876436362e-02,3.363424394084e-01,3.408668207214e-01
1.145512985522e-02,2.957646763675e-01,2.992797919659e-01
1.149149534683e-02,2.576985259118e-01,2.602050632492e-01
1.152786083843e-02,2.224818285132e-01,2.240266986857e-01
1.156422633003e-02,1.903309514683e-01,1.909982994194e-01
1.160059182164e-02,1.613507365873e-01,1.612519242517e-01
1.163695731324e-02,1.355477854281e-01,1.348112054346e-01
1.167332280485e-02,1.128458781595e-01,1.116073385618e-01
1.170968829645e-02,9.310238768229e-02,9.149664506867e-02
1.174605378805e-02,7.612468286858e-02,7.427851497701e-02
1.178241927966e-02,6.168569218864e-02,5.971271325897e-02
1.181878477126e-02,4.953800002357e-02,4.753525047099e-02
1.185515026286e-02,3.942605306922e-02,3.747225267781e-02
1.189151575447e-02,3.109624725915e-02,2.925149556899e-02
1.192788124607e-02,2.430483461851e-02,2.261147590368e-02
1.196424673768e-02,1.882372687493e-02,1.730806803768e-02
1.200061222928e-02,1.444437512583e-02,1.311894762854e-02
1.203697772088e-02,1.097997257463e-02,9.846056851730e-03
1.207334321249e-02,8.266263204946e-03,7.316437731527e-03
1.210970870409e-02,6.161247996799e-03,5.381777520406e-03
1.214607419570e-02,4.544067605080e-03,3.916999230832e-03
1.218243968730e-02,3.313312248758e-03,2.818198928332e-03
1.221880517890e-02,2.384971491371e-03,2.000186585418e-03
1.225517067051e-02,1.690193497182e-03,1.393835753491e-03
1.229153616211e-02,1.172979172717e-03,9.433944674770e-04
1.232790165372e-02,7.878943429499e-04,6.038597865470e-04
1.236426714532e-02,4.978448885296e-04,3.384740523817e-04
1.240063263692e-02,2.719270098241e-04,1.163640620140e-04
1.243699812853e-02,8.333842327431e-05,-8.968421982490e-05
1.247336362013e-02,-9.268299853807e-05,-3.053427780455e-04
1.250972911173e-02,-2.809382861800e-04,-5.567893763092e-04
1.254609460334e-02,-5.084126921016e-04,-8.727282729361e-04
1.258246009494e-02,-8.065303554833e-04,-1.286421369629e-03
1.261882558655e-02,-1.213546395780e-03,-1.837755075990e-03
1.265519107815e-02,-1.777079523861e-03,-2.575348588706e-03
1.269155656975e-02,-2.556753254729e-03,-3.558682826274e-03
1.272792206136e-02,-3.626869521011e-03,-4.860196675636e-03
1.276428755296e-02,-5.078986735953e-03,-6.567259742363e-03
1.280065304457e-02,-7.024218319829e-03,-8.783890393922e-03
1.283701853617e-02,-9.595012100431e-03,-1.163204734421e-02
1.287338402777e-02,-1.294612205788e-02,-1.525228607705e-02
1.290974951938e-02,-1.725444908209e-02,-1.980354266164e-02
1.294611501098e-02,-2.271741490964e-02,-2.546179226684e-02
1.298248050259e-02,-2.954955120601e-02,-3.241733351716e-02
1.301884599419e-02,-3.797704060744e-02,-4.087047805305e-02
1.305521148579e-02,-4.823004270302e-02,-5.102548155715e-02
1.309157697740e-02,-6.053277599080e-02,-6.308264054822e-02
1.312794246900e-02,-7.509150263691e-02,-7.722859822807e-02
1.316430796060e-02,-9.208076693086e-02,-9.362504901187e-02
1.320067345221e-02,-1.116284558399e-01,-1.123961976449e-01
1.323703894381e-02,-1.338004615454e-01,-1.336155036207e-01
1.327340443542e-02,-1.585859086346e-01,-1.572924100201e-01
1.330976992702e-02,-1.858840390447e-01,-1.833599003112e-01
1.334613541862e-02,-2.154939039151e-01,-2.116638283770e-01
1.338250091023e-02,-2.471079757862e-01,-2.419550081474e-01
1.341886640183e-02,-2.803106570247e-01,-2.738850148104e-01
1.345523189344e-02,-3.145824204704e-01,-3.070065300463e-01
1.349159738504e-02,-3.493099864031e-01,-3.407788567245e-01
1.352796287664e-02,-3.838025372561e-01,-3.745789403910e-01
1.356432836825e-02,-4.173135288303e-01,-4.077178812525e-01
1.360069385985e-02,-4.490672118569e-01,-4.394625256140e-01
1.363705935145e-02,-4.782885716134e-01,-4.690613213237e-01
1.367342484306e-02,-5.042350658210e-01,-4.957732436215e-01
1.370979033466e-02,-5.262283265386e-01,-5.188982826581e-01
1.374615582627e-02,-5.436839148332e-01,-5.378077655104e-01
1.378252131787e-02,-5.561372895230e-01,-5.519726903839e-01
1.381888680947e-02,-5.632643707350e-01,-5.609882949688e-01
1.385525230108e-02,-5.648954284206e-01,-5.645932678321e-01
1.389161779268e-02,-5.610214756502e-01,-5.626823305983e-01
1.392798328429e-02,-5.517928571466e-01,-5.553113455072e-01
1.396434877589e-02,-5.375102504433e-01,-5.426946025617e-01
1.400071426749e-02,-5.186087949561e-01,-5.251944701127e-01
1.403707975910e-02,-4.956364919225e-01,-5.033041063861e-01
1.407344525070e-02,-4.692283425277e-01,-4.776243828824e-01
1.410981074231e-02,-4.400778906813e-01,-4.488365258064e-01
1.414617623391e-02,-4.089079016805e-01,-4.176722110030e-01
1.418254172551e-02,-3.764418420696e-01,-3.848829363509e-01
1.421890721712e-02,-3.433776446350e-01,-3.512104421862e-01
1.425527270872e-02,-3.103649699964e-01,-3.173597674361e-01
1.429163820032e-02,-2.779868429491e-01,-2.839762404384e-01
1.432800369193e-02,-2.467461802118e-01,-2.516273408132e-01
1.436436918353e-02,-2.170573681812e-01,-2.207899684888e-01
1.440073467514e-02,-1.892427223696e-01,-1.918432546423e-01
1.443710016674e-02,-1.635333860053e-01,-1.650666800699e-01
1.447346565834e-02,-1.400740180420e-01,-1.406429561380e-01
1.450983114995e-02,-1.189304871170e-01,-1.186648903998e-01
1.454619664155e-02,-1.000997271921e-01,-9.914531238098e-02
1.458256213316e-02,-8.352091604038e-02,-8.202907517244e-02
1.461892762476e-02,-6.908719829480e-02,-6.720616774386e-02
1.465529311636e-02,-5.665727660345e-02,-5.452505781257e-02
1.469165860797e-02,-4.606632275177e-02,-4.380551843778e-02
1.472802409957e-02,-3.713580111040e-02,-3.485035457954e-02
1.476438959118e-02,-2.968193688286e-02,-2.745562057052e-02
1.480075508278e-02,-2.352269126450e-02,-2.141908993357e-02
1.483712057438e-02,-1.848321757698e-02,-1.654689271243e-02
1.487348606599e-02,-1.439986241080e-02,-1.265836383773e-02
1.490985155759e-02,-1.112284215960e-02,-9.589244331381e-03
1.494621704919e-02,-8.517768642260e-03,-7.193444235893e-03
1.498258254080e-02,-6.466220028601e-03,-5.343613824840e-03
1.501894803240e-02,-4.865558337228e-03,-3.930781785853e-03
1.505531352401e-02,-3.628186231993e-03,-2.863310803537e-03
1.509167901561e-02,-2.680417659960e-03,-2.065397921001e-03
1.512804450721e-02,-1.961112735943e-03,-1.475314686855e-03
1.516440999882e-02,-1.420200368915e-03,-1.043545243531e-03
1.520077549042e-02,-1.017184992399e-03,-7.309431267279e-04
1.523714098203e-02,-7.197082808277e-04,-5.069925493867e-04
1.527350647363e-02,-5.022141432782e-04,-3.482292554526e-04
1.530987196523e-02,-3.447462613297e-04,-2.368506703078e-04
1.534623745684e-02,-2.318922010270e-04,-1.595253362611e-04
1.538260294844e-02,-1.518765624153e-04,-1.063972507180e-04
1.541896844004e-02,-9.579738682164e-05,-7.027111264294e-05
1.545533393165e-02,-5.699464242447e-05,-4.595882752958e-05
1.549169942325e-02,-3.053651869792e-05,-2.976505834220e-05
1.552806491486e-02,-1.280795021976e-05,-1.908930962846e-05
1.556443040646e-02,-1.185774213816e-06,-1.212325926836e-05
1.560079589806e-02,6.214214844332e-06,-7.624199479080e-06
1.563716138967e-02,1.073165813707e-05,-4.748044655757e-06
1.567352688127e-02,1.330915683449e-05,-2.928067106583e-06
1.570989237288e-02,1.460287592515e-05,-1.788104694951e-06
1.574625786448e-02,1.506449681318e-05,-1.081310817847e-06
1.578262335608e-02,1.500124843634e-05,-6.475209719477e-07
1.581898884769e-02,1.461939038398e-05,-3.839748829885e-07
1.585535433929e-02,1.405536442821e-05,-2.254745252746e-07
1.589171983090e-02,1.339786996597e-05,-1.311106083209e-07
1.592808532250e-02,1.270333926014e-05,-7.549598753269e-08
1.596445081410e-02,1.200666879632e-05,-4.304825929311e-08
1.600081630571e-02,1.132857976337e-05,-2.430709208434e-08
1.603718179731e-02,1.068061008228e-05,-1.359114682867e-08
1.607354728891e-02,1.006846076229e-05,-7.525318558733e-09
1.610991278052e-02,9.494211424586e-06,-4.126096305860e-09
1.614627827212e-02,8.957767409562e-06,-2.240265643523e-09
1.618264376373e-02,8.457790677597e-06,-1.204496003902e-09
1.621900925533e-02,7.992287995592e-06,-6.412935842234e-10
1.625537474693e-02,7.558974391571e-06,-3.381069619090e-10
1.629174023854e-02,7.155491242540e-06,-1.765212598283e-10
1.632810573014e-02,6.779531739790e-06,-9.126108127034e-11
1.636447122175e-02,6.428908341218e-06,-4.672183468581e-11
1.640083671335e-02,6.101584686203e-06,-2.368644333015e-11
1.643720220495e-02,5.795686354878e-06,-1.189119511865e-11
1.647356769656e-02,5.509499499825e-06,-5.911488429607e-12
1.650993318816e-02,5.241462957073e-06,-2.910139911199e-12
1.654629867977e-02,4.990157243192e-06,-1.418654307532e-12
1.658266417137e-02,4.754292422754e-06,-6.848334734205e-13
1.661902966297e-02,4.532695976096e-06,-3.273701407137e-13
1.665539515458e-02,4.324301273356e-06,-1.549668613772e-13
1.669176064618e-02,4.128136932466e-06,-7.264141509852e-14
1.672812613778e-02,3.943317160795e-06,-3.371905862406e-14
1.676449162939e-02,3.769033078326e-06,-1.549930675070e-14
1.680085712099e-02,3.604544976123e-06,-7.054963845667e-15
1.683722261260e-02,3.449175429036e-06,-3.179969818703e-15
1.687358810420e-02,3.302303155998e-06,-1.419374146458e-15
1.690995359580e-02,3.163357566408e-06,-6.273594864126e-16
1.694631908741e-02,3.031813931601e-06,-2.745881146301e-16
1.698268457901e-02,2.907189065485e-06,-1.190125299857e-16
1.701905007062e-02,2.789037455673e-06,-5.107981630059e-17
1.705541556222e-02,2.676947832576e-06,-2.170959154922e-17
1.709178105382e-02,2.570540098703e-06,-9.136916691953e-18
1.712814654543e-02,2.469462557593e-06,-3.807968651033e-18
1.716451203703e-02,2.373389435596e-06,-1.571566455516e-18
1.720087752864e-02,2.282018654716e-06,-6.422702753516e-19
1.723724302024e-02,2.195069816138e-06,-2.599253170981e-19
1.727360851184e-02,2.112282389452e-06,-1.041657700067e-19
1.730997400345e-02,2.033414076911e-06,-4.133778111966e-20
1.734633949505e-02,1.958239321735e-06,-1.624482289373e-20
1.738270498665e-02,1.886547961043e-06,-6.321621466896e-21
1.741907047826e-02,1.818144009272e-06,-2.436058313340e-21
1.745543596986e-02,1.752844544793e-06,-9.295923898368e-22
1.749180146147e-02,1.690478695105e-06,-3.512716704867e-22
1.752816695307e-02,1.630886718744e-06,-1.314435800134e-22
1.756453244467e-02,1.573919164030e-06,-4.870587152402e-23
1.760089793628e-02,1.519436096361e-06,-1.787182673316e-23
1.763726342788e-02,1.467306398289e-06,-6.493850086191e-24
1.767362891949e-02,1.417407127044e-06,-2.336583246201e-24
1.770999441109e-02,1.369622920241e-06,-8.325416031843e-25
1.774635990269e-02,1.323845457424e-06,-2.937489468728e-25
1.778272539430e-02,1.279972963543e-06,-1.026342654171e-25
1.781909088590e-02,1.237909746157e-06,-3.551028231115e-26
1.785545637750e-02,1.197565777702e-06,-1.216638508490e-26
1.789182186911e-02,1.158856310570e-06,-4.127762284550e-27
1.792818736071e-02,1.121701516761e-06,-1.386798890125e-27
1.796455285232e-02,1.086026158301e-06,-4.613791652568e-28
1.800091834392e-02,1.051759279820e-06,-1.520015999223e-28
1.803728383552e-02,1.018833927317e-06,-4.958884878614e-29
1.807364932713e-02,9.871868940904e-07,-1.602011317506e-29
1.811001481873e-02,9.567584739974e-07,-5.124987615272e-30
1.814638031034e-02,9.274922342973e-07,-1.623550296525e-30
1.818274580194e-02,8.993348146889e-07,-5.093125304654e-31
1.821911129354e-02,8.722357313455e-07,-1.582153665106e-31
1.825547678515e-02,8.461471979195e-07,-4.866969771195e-32
1.829184227675e-02,8.210239638491e-07,-1.482566978486e-32
1.832820776836e-02,7.968231520146e-07,-4.472143014554e-33
1.836457325996e-02,7.735041184100e-07,-1.335865490166e-33
1.840093875156e-02,7.510283253367e-07,-3.951440663492e-34
1.843730424317e-02,7.293592044376e-07,-1.157427736442e-34
1.847366973477e-02,7.084620426952e-07,-3.357206018348e-35
1.851003522637e-02,6.883038843836e-07,-9.642902756452e-36
1.854640071798e-02,6.688534188999e-07,-2.742731333595e-36
1.858276620958e-02,6.500808866158e-07,-7.725105792012e-37
1.861913170119e-02,6.319579973454e-07,-2.154622992057e-37
1.865549719279e-02,6.144578376650e-07,-5.950916148946e-38
1.869186268439e-02,5.975547988762e-07,-1.627578928508e-38
1.872822817600e-02,5.812245116938e-07,-4.408044529251e-39
1.876459366760e-02,5.654437639061e-07,-1.182212573899e-39
1.880095915921e-02,5.501904392906e-07,-3.139719584543e-40
1.883732465081e-02,5.354434688850e-07,-8.257181607465e-41
1.887369014241e-02,5.211827662704e-07,-2.150396268544e-41
1.891005563402e-02,5.073891731297e-07,-5.545629429159e-42
1.894642112562e-02,4.940444151659e-07,-1.416213990514e-42
1.898278661723e-02,4.811310531301e-07,-3.581398123774e-43
1.901915210883e-02,4.686324415772e-07,-8.968545377201e-44
1.905551760043e-02,4.565326900863e-07,-2.224011889399e-44
1.909188309204e-02,4.448166231170e-07,-5.461323292557e-45
1.912824858364e-02,4.334697480138e-07,-1.328019201147e-45
1.916461407524e-02,4.224782216851e-07,-3.197838370249e-46
1.920097956685e-02,4.118288142343e-07,-7.625254633450e-47
1.923734505845e-02,4.015088702127e-07,-1.800519707041e-47
1.927371055006e-02,3.915062488879e-07,-4.210048453890e-48
1.931007604166e-02,3.818092386624e-07,-9.748145346084e-49
1.934644153326e-02,3.724064404244e-07,-2.235128953631e-49
1.938280702487e-02,3.632865852464e-07,-5.074916015778e-50
1.941917251647e-02,3.544382662264e-07,-1.141039874465e-50
1.945553800808e-02,3.458495976690e-07,-2.540495734071e-51
1.949190349968e-02,3.375078308387e-07,-5.601209352222e-52
1.952826899128e-02,3.293989986949e-07,-1.222899668477e-52
1.956463448289e-02,3.215078022470e-07,-2.643903111580e-53
1.960099997449e-02,3.138181707475e-07,-5.660384477969e-54
1.963736546609e-02,3.063152165290e-07,-1.200029751872e-54
1.967373095770e-02,2.989897846745e-07,-2.519322598265e-55
1.971009644930e-02,2.918475291237e-07,-5.237466255008e-56
1.974646194091e-02,2.849253996007e-07,-1.078212543817e-56
1.978282743251e-02,2.783197196345e-07,-2.198027941992e-57
1.981919292411e-02,2.722317431188e-07,-4.437186925690e-58
1.985555841572e-02,2.670386304292e-07,-8.870087970073e-59
1.989192390732e-02,2.634002439595e-07,-1.755875892117e-59
1.992828939893e-02,2.624149930424e-07,-3.441956615053e-60
1.996465489053e-02,2.658409273675e-07,-6.681325871816e-61
2.000102038213e-02,2.764012345158e-07,-1.284297400558e-61
