r_m,R_m,P_similitude_Pa,P_linear_free_Pa,baltic_summer_peak,baltic_summer_imp,baltic_summer_imp_inc,baltic_summer_gain,baltic_summer_kick,baltic_summer_entropy,baltic_winter_peak,baltic_winter_imp,baltic_winter_imp_inc,baltic_winter_gain,baltic_winter_kick,baltic_winter_entropy,north_sea_peak,north_sea_imp,north_sea_imp_inc,north_sea_gain,north_sea_kick,north_sea_entropy,adriatic_peak,adriatic_imp,adriatic_imp_inc,adriatic_gain,adriatic_kick,adriatic_entropy,java_sea_peak,java_sea_imp,java_sea_imp_inc,java_sea_gain,java_sea_kick,java_sea_entropy,indo_reef_peak,indo_reef_imp,indo_reef_imp_inc,indo_reef_gain,indo_reef_kick,indo_reef_entropy
6.250000000000e-02,4.200004650295e+01,6.548085585667e+06,6.368173856374e+06,6.350269191850e+06,1.050537861942e+04,1.353436311609e+04,1.258471453642e+00,8.330292738327e+00,3.777208120101e-01,6.327661279528e+06,1.056632786928e+04,1.342587595241e+04,1.248383945467e+00,8.605979216279e+00,3.802372430235e-01,6.343205571747e+06,1.137287345265e+04,1.487996053094e+04,1.383589711528e+00,8.056825536763e+00,4.269786060271e-01,6.363865515324e+06,1.107492507851e+04,1.435467435231e+04,1.334746802916e+00,7.891950131193e+00,4.000150537170e-01,6.356739053167e+06,1.080927954389e+04,1.416480695625e+04,1.317092281911e+00,7.894757987986e+00,3.916466285257e-01,6.339866314909e+06,1.304606737000e+04,1.667111710078e+04,1.550137586209e+00,7.859146119711e+00,4.910038317805e-01
1.062500000000e+00,4.201343721061e+01,6.545727285360e+06,6.366144163968e+06,6.351505221529e+06,1.010354145648e+04,1.353026465813e+04,1.258491476922e+00,8.328285914195e+00,3.780817000950e-01,6.325708532622e+06,1.018180688126e+04,1.342175996550e+04,1.248399122166e+00,8.600356451075e+00,3.798225973073e-01,6.342303544445e+06,1.124285322014e+04,1.487568957111e+04,1.383633580835e+00,8.058409940758e+00,4.265406648856e-01,6.364436230940e+06,1.077974072580e+04,1.435032838900e+04,1.334768123530e+00,7.892429668584e+00,4.001327691738e-01,6.354752010188e+06,1.053948080368e+04,1.416058629518e+04,1.317119628550e+00,7.892842703025e+00,3.916443290524e-01,6.339244550154e+06,1.304886920231e+04,1.666672534134e+04,1.550223319369e+00,7.860328635472e+00,4.916837823643e-01
2.062500000000e+00,4.205061124704e+01,6.539188775312e+06,6.360516296309e+06,6.345074529077e+06,1.013104413294e+04,1.351864600648e+04,1.258523363887e+00,8.320910465683e+00,3.782232874854e-01,6.319693985571e+06,1.012364221898e+04,1.341017378488e+04,1.248425102186e+00,8.591579849464e+00,3.798991071480e-01,6.335003379753e+06,1.121859207535e+04,1.486354841041e+04,1.383727551990e+00,8.048425691458e+00,4.266453460583e-01,6.357472734908e+06,1.072820263413e+04,1.433835565455e+04,1.334834537595e+00,7.884817389764e+00,4.002211481748e-01,6.347202401930e+06,1.049376916004e+04,1.414876830240e+04,1.317184832731e+00,7.883115620201e+00,3.916818834120e-01,6.332086896004e+06,1.297642866565e+04,1.665480923944e+04,1.550485643227e+00,7.851736553461e+00,4.917890856505e-01
3.062500000000e+00,4.211150562792e+01,6.528504675680e+06,6.351318816995e+06,6.333154270065e+06,1.010964496644e+04,1.349966842061e+04,1.258576574401e+00,8.304151471650e+00,3.780835003599e-01,6.305890925879e+06,1.006235173226e+04,1.339116810280e+04,1.248461069778e+00,8.575727299733e+00,3.798417984798e-01,6.324215850878e+06,1.118198579742e+04,1.484367399070e+04,1.383878461357e+00,8.033116149752e+00,4.266234040303e-01,6.346062761338e+06,1.071071001110e+04,1.431889955561e+04,1.334953644074e+00,7.868595059033e+00,4.002216892441e-01,6.336906006139e+06,1.044193504404e+04,1.412937629139e+04,1.317284355228e+00,7.872313485846e+00,3.918052735292e-01,6.320411637196e+06,1.295653872616e+04,1.663521029647e+04,1.550903721265e+00,7.834587530562e+00,4.913838052058e-01
4.062500000000e+00,4.219601765866e+01,6.513731200735e+06,6.338598117722e+06,6.316994940212e+06,1.007417347116e+04,1.347325076468e+04,1.258634499727e+00,8.284719221215e+00,3.777557406558e-01,6.293725094829e+06,1.007960352348e+04,1.336490505133e+04,1.248513137399e+00,8.558810887578e+00,3.801837492525e-01,6.305399994083e+06,1.119607434488e+04,1.481614792634e+04,1.384084305923e+00,8.010972553781e+00,4.270349603810e-01,6.328322123446e+06,1.067400171540e+04,1.429187594233e+04,1.335108240841e+00,7.847578111323e+00,4.002644230289e-01,6.316929162750e+06,1.045255671930e+04,1.410260092751e+04,1.317426682934e+00,7.848149056912e+00,3.918735390893e-01,6.303956184105e+06,1.296470142701e+04,1.660836812007e+04,1.551508649633e+00,7.815482518506e+00,4.923123422301e-01
5.062500000000e+00,4.230400579437e+01,6.494945356895e+06,6.322417773074e+06,6.294859158934e+06,1.007162700077e+04,1.343989652082e+04,1.258731762733e+00,8.257456672518e+00,3.779955102753e-01,6.273191394401e+06,1.008061766206e+04,1.333136825198e+04,1.248567400311e+00,8.531541785542e+00,3.803993136435e-01,6.285256636341e+06,1.119758766142e+04,1.478106645573e+04,1.384340854565e+00,7.985166747930e+00,4.268348013958e-01,6.307450027827e+06,1.078209804025e+04,1.425751873815e+04,1.335307281992e+00,7.822524805527e+00,4.004180429915e-01,6.298721970384e+06,1.035769964045e+04,1.406840706109e+04,1.317595771025e+00,7.823803321618e+00,3.920398998989e-01,6.283089740419e+06,1.293497636633e+04,1.657407926141e+04,1.552267904152e+00,7.789586807292e+00,4.927350753741e-01
6.062500000000e+00,4.243529081142e+01,6.472243859435e+06,6.302857668518e+06,6.272052382920e+06,9.999538754671e+03,1.339936623316e+04,1.258830374868e+00,8.226605844733e+00,3.780208264949e-01,6.250025446235e+06,9.990373374163e+03,1.329092227890e+04,1.248642389765e+00,8.499614860972e+00,3.803754161502e-01,6.261606234168e+06,1.112112195170e+04,1.473870457813e+04,1.384657205895e+00,7.954919245907e+00,4.274232051123e-01,6.283595424159e+06,1.063607827916e+04,1.421586792255e+04,1.335538266111e+00,7.792786934450e+00,4.005979526485e-01,6.272999600308e+06,1.041235927344e+04,1.402713917600e+04,1.317807764934e+00,7.793182945756e+00,3.922005717527e-01,6.260335522317e+06,1.288019557983e+04,1.653264061144e+04,1.553192129861e+00,7.763129337701e+00,4.936057225304e-01
7.062500000000e+00,4.258965726852e+01,6.445741797132e+06,6.280012924740e+06,6.247590621582e+06,9.972337027672e+03,1.335184262767e+04,1.258928668476e+00,8.194872279748e+00,3.778698325346e-01,6.218205397359e+06,9.944327506693e+03,1.324363066789e+04,1.248725497105e+00,8.457017760074e+00,3.802029780594e-01,6.236051620407e+06,1.109541002056e+04,1.468921192699e+04,1.385027559708e+00,7.921605666702e+00,4.274483720569e-01,6.258706352043e+06,1.063779185957e+04,1.416702334447e+04,1.335791046425e+00,7.762640356218e+00,4.008892697608e-01,6.248320140883e+06,1.031423228228e+04,1.397885574004e+04,1.318048956565e+00,7.762183531578e+00,3.924526051915e-01,6.228545708055e+06,1.284068619944e+04,1.648424656244e+04,1.554279147409e+00,7.723113484857e+00,4.938995254073e-01
8.062500000000e+00,4.276685522984e+01,6.415571080022e+06,6.253992646154e+06,6.214310684655e+06,9.967472774744e+03,1.329781859297e+04,1.259051497724e+00,8.149284121989e+00,3.781609323015e-01,6.188616718058e+06,9.939241634578e+03,1.318950210074e+04,1.248795977932e+00,8.414263142857e+00,3.804262530282e-01,6.203865818211e+06,1.110151335811e+04,1.463254589391e+04,1.385424887131e+00,7.881388108204e+00,4.278647480645e-01,6.225820913801e+06,1.051676600494e+04,1.411148741436e+04,1.336090520408e+00,7.719195155805e+00,4.011016308550e-01,6.215604203750e+06,1.027114991877e+04,1.392365698474e+04,1.318306537111e+00,7.719166226685e+00,3.926505583400e-01,6.195402554945e+06,1.286710676295e+04,1.642915015519e+04,1.555529274566e+00,7.682770083883e+00,4.946250683482e-01
9.062500000000e+00,4.296660221905e+01,6.381878709828e+06,6.224918524928e+06,6.179341533783e+06,9.919867699487e+03,1.323718324844e+04,1.259164194615e+00,8.103058671565e+00,3.782610975267e-01,6.150686506222e+06,9.891373144669e+03,1.312892970316e+04,1.248866763084e+00,8.364970357581e+00,3.804900238724e-01,6.167679858636e+06,1.094225452913e+04,1.456914411108e+04,1.385864671249e+00,7.835888804466e+00,4.282155731152e-01,6.190462006067e+06,1.052806146619e+04,1.404915802558e+04,1.336401892932e+00,7.675513263727e+00,4.014229096562e-01,6.179559227564e+06,1.028438623420e+04,1.386185052310e+04,1.318584590257e+00,7.676043277283e+00,3.929289781185e-01,6.162255844285e+06,1.281109370190e+04,1.636776444942e+04,1.556955324543e+00,7.639453748662e+00,4.956749127826e-01
1.006250000000e+01,4.318858536986e+01,6.344824915465e+06,6.192923334164e+06,6.141003416320e+06,9.901447501711e+03,1.317018477547e+04,1.259263514920e+00,8.054244323721e+00,3.781874542419e-01,6.114566589780e+06,9.925722725235e+03,1.306207422799e+04,1.248926555314e+00,8.315752366906e+00,3.805004636757e-01,6.125366931626e+06,1.093291332844e+04,1.449917024503e+04,1.386334086989e+00,7.781776817962e+00,4.286400370636e-01,6.149184296838e+06,1.042145687007e+04,1.398026610889e+04,1.336719213885e+00,7.626341734048e+00,4.019175289254e-01,6.136305567149e+06,1.022389683802e+04,1.379358098957e+04,1.318869368682e+00,7.623853941190e+00,3.933725244463e-01,6.118964466949e+06,1.268941885771e+04,1.630008234606e+04,1.558527791259e+00,7.588283754516e+00,4.962511359298e-01
1.106250000000e+01,4.343246373682e+01,6.304581197144e+06,6.158149344861e+06,6.098447831957e+06,9.844055887177e+03,1.309729458931e+04,1.259365625637e+00,7.996789543557e+00,3.784941167631e-01,6.070921984993e+06,9.758944690111e+03,1.298919867421e+04,1.248971702005e+00,8.254708043213e+00,3.807004198191e-01,6.080679320591e+06,1.086594297018e+04,1.442288612706e+04,1.386827400654e+00,7.727333114480e+00,4.291959911107e-01,6.107649240248e+06,1.034478093365e+04,1.390537442209e+04,1.337066249780e+00,7.575759652786e+00,4.022020319195e-01,6.092879385531e+06,1.007495678578e+04,1.371925068572e+04,1.319169589206e+00,7.571311935225e+00,3.935757256237e-01,6.076147090758e+06,1.271006768067e+04,1.622667888189e+04,1.560270440797e+00,7.534394112745e+00,4.970669876209e-01
1.206250000000e+01,4.369787072902e+01,6.261328322266e+06,6.120746701027e+06,6.052831627781e+06,9.691929547940e+03,1.301854810026e+04,1.259443243830e+00,7.937471767366e+00,3.786204973721e-01,6.025095936424e+06,9.698834197450e+03,1.291053523694e+04,1.248993839648e+00,8.195224119869e+00,3.808689838551e-01,6.036787439413e+06,1.078031274133e+04,1.434055037300e+04,1.387336678482e+00,7.668172290501e+00,4.298314643012e-01,6.060158476623e+06,1.031516201621e+04,1.382442829938e+04,1.337405883312e+00,7.517519189543e+00,4.026576209078e-01,6.047596045954e+06,1.007421854874e+04,1.363895418667e+04,1.319462705903e+00,7.512265782898e+00,3.939467660873e-01,6.031147909153e+06,1.263361369739e+04,1.614799844008e+04,1.562193216947e+00,7.478695335649e+00,4.979339535230e-01
1.306250000000e+01,4.398441662964e+01,6.215254314427e+06,6.080871785993e+06,6.001117008440e+06,9.613372658586e+03,1.293425703592e+04,1.259493982390e+00,7.872838861161e+00,3.786242915732e-01,5.973606242502e+06,9.639326050043e+03,1.282618787108e+04,1.248970574480e+00,8.123471467858e+00,3.811655114047e-01,5.986092713287e+06,1.076350596864e+04,1.425230825345e+04,1.387841329465e+00,7.607666361139e+00,4.304967480571e-01,6.011495543697e+06,1.023230965861e+04,1.373769059437e+04,1.337729611178e+00,7.453509820158e+00,4.029531796440e-01,5.997549619451e+06,1.002884790542e+04,1.355298926807e+04,1.319744023884e+00,7.454485281336e+00,3.940578508208e-01,5.980915420378e+06,1.250800034175e+04,1.606505460276e+04,1.564360406844e+00,7.414993656956e+00,4.983998744292e-01
1.406250000000e+01,4.429169116494e+01,6.166552473839e+06,6.038685610594e+06,5.951032224549e+06,9.555628059614e+03,1.284479580756e+04,1.259520501947e+00,7.808188221279e+00,3.789022647038e-01,5.921212180300e+06,9.527096375224e+03,1.273687708730e+04,1.248938329778e+00,8.052665340134e+00,3.814153744038e-01,5.933234722055e+06,1.071224870309e+04,1.415879533798e+04,1.388367186076e+00,7.541858713057e+00,4.312045416134e-01,5.958502811084e+06,1.014341187600e+04,1.364576589822e+04,1.338061123826e+00,7.389173950479e+00,4.036943076423e-01,5.944496324581e+06,9.959334564929e+03,1.346168888798e+04,1.320011107943e+00,7.388394294331e+00,3.943144048501e-01,5.927230447155e+06,1.248415249258e+04,1.597782950857e+04,1.566735987411e+00,7.351005017747e+00,4.988012640280e-01
1.506250000000e+01,4.461926608820e+01,6.115419463450e+06,5.994352250838e+06,5.894029102569e+06,9.563443244106e+03,1.275035780841e+04,1.259506950266e+00,7.734922992439e+00,3.790820916729e-01,5.867698359222e+06,9.431903637370e+03,1.264251324442e+04,1.248853839198e+00,7.980631300153e+00,3.816282613713e-01,5.879304685787e+06,1.060116032518e+04,1.406011507697e+04,1.388887506302e+00,7.469275843260e+00,4.319054919150e-01,5.904464118012e+06,1.015221405767e+04,1.354858521823e+04,1.338357519455e+00,7.321536503240e+00,4.038223302696e-01,5.889788691351e+06,9.870253827265e+03,1.336550051432e+04,1.320272030363e+00,7.318166749657e+00,3.946997377628e-01,5.871636947186e+06,1.240009413232e+04,1.588687580311e+04,1.569338742700e+00,7.281336246235e+00,4.990836813972e-01
1.606250000000e+01,4.496669774678e+01,6.062053490308e+06,5.948037358953e+06,5.840335815246e+06,9.466746869879e+03,1.265111288856e+04,1.259434249809e+00,7.660036932911e+00,3.794920028415e-01,5.809943333549e+06,9.391769035685e+03,1.254357592607e+04,1.248728809515e+00,7.900890099222e+00,3.819542840845e-01,5.819907405052e+06,1.052634481800e+04,1.395656279415e+04,1.389393434980e+00,7.398269903811e+00,4.325910573391e-01,5.846207627489e+06,1.007927849457e+04,1.344683356048e+04,1.338649246649e+00,7.251616858874e+00,4.044545588780e-01,5.830250187753e+06,9.825819387241e+03,1.326432749800e+04,1.320480537864e+00,7.249588594009e+00,3.948644471422e-01,5.813683848575e+06,1.234358027603e+04,1.579209929591e+04,1.572123409604e+00,7.210049446940e+00,4.991326870998e-01
1.706250000000e+01,4.533352960282e+01,6.006652606548e+06,5.899906767681e+06,5.781018063391e+06,9.325039503536e+03,1.254770697963e+04,1.259330366158e+00,7.582959602981e+00,3.797764463273e-01,5.749723614564e+06,9.423581737084e+03,1.244018130099e+04,1.248538724906e+00,7.821481574093e+00,3.822825381403e-01,5.761871518883e+06,1.041581316088e+04,1.384934897739e+04,1.389967565154e+00,7.321579938975e+00,4.332078184459e-01,5.787254966931e+06,1.001996044790e+04,1.334044527553e+04,1.338892266197e+00,7.178156362984e+00,4.048716938801e-01,5.772266351031e+06,9.796940595599e+03,1.315888429775e+04,1.320670191598e+00,7.174213637626e+00,3.952207037347e-01,5.750087526970e+06,1.223209743839e+04,1.569376894336e+04,1.575079799195e+00,7.136626236389e+00,4.990362124283e-01
1.806250000000e+01,4.571929468233e+01,5.949413149031e+06,5.850125203483e+06,5.718026207326e+06,9.295921197183e+03,1.244017578678e+04,1.259162590785e+00,7.506111054719e+00,3.799757961247e-01,5.687780324984e+06,9.298752231731e+03,1.233286735861e+04,1.248301107736e+00,7.737718571337e+00,3.828483303439e-01,5.697492195800e+06,1.036133877260e+04,1.373947140206e+04,1.390673950525e+00,7.245613413334e+00,4.338359642523e-01,5.722999049207e+06,9.924646968877e+03,1.322972468214e+04,1.339078698858e+00,7.102623962252e+00,4.049964346605e-01,5.707834378556e+06,9.670726931585e+03,1.304928129434e+04,1.320814683335e+00,7.096257217027e+00,3.953491313360e-01,5.688299875568e+06,1.219836155614e+04,1.559246604967e+04,1.578229301927e+00,7.059496370374e+00,4.990572504412e-01
1.906250000000e+01,4.612351793012e+01,5.890528331338e+06,5.798855120110e+06,5.654260335310e+06,9.252296074047e+03,1.232884213229e+04,1.258926830352e+00,7.424092277753e+00,3.803377904782e-01,5.624503002749e+06,9.180750948968e+03,1.222167947330e+04,1.247984201258e+00,7.652404941242e+00,3.833121258796e-01,5.635500292971e+06,1.031830095616e+04,1.362682510268e+04,1.391466899341e+00,7.165658942921e+00,4.343205192716e-01,5.659924916034e+06,9.749642334256e+03,1.311532829099e+04,1.339236766699e+00,7.024468588247e+00,4.053179630110e-01,5.645911928359e+06,9.555678664036e+03,1.293574916378e+04,1.320899523106e+00,7.017952722957e+00,3.957025284183e-01,5.627628718233e+06,1.207656992288e+04,1.548818668855e+04,1.581534872983e+00,6.982509832072e+00,4.994619112474e-01
2.006250000000e+01,4.654571845240e+01,5.830186996766e+06,5.746255660015e+06,5.593202234888e+06,9.153503998275e+03,1.221729758592e+04,1.258956324965e+00,7.341200586174e+00,3.806759451232e-01,5.556934566853e+06,9.207992220716e+03,1.210709191218e+04,1.247599956748e+00,7.567007623573e+00,3.835067237835e-01,5.570539995969e+06,1.025584415550e+04,1.351267306305e+04,1.392440930597e+00,7.082368710706e+00,4.346321902539e-01,5.598460500709e+06,9.738718240434e+03,1.299882538465e+04,1.339490449507e+00,6.947091491703e+00,4.058722322596e-01,5.581390206645e+06,9.465044014514e+03,1.281906099372e+04,1.320966261537e+00,6.940538975830e+00,3.965025301138e-01,5.562726530544e+06,1.206193452615e+04,1.538136328878e+04,1.585003922743e+00,6.901230182394e+00,4.999548231506e-01
2.106250000000e+01,4.698541163223e+01,5.768572536310e+06,5.692481747315e+06,5.527178452589e+06,9.024755510734e+03,1.210534206438e+04,1.259203364299e+00,7.255666882173e+00,3.810215408465e-01,5.491715925239e+06,9.028440053710e+03,1.199116526112e+04,1.247326639625e+00,7.477723724444e+00,3.839183502029e-01,5.504183583865e+06,1.009932011766e+04,1.339741433459e+04,1.393605328400e+00,7.000191759921e+00,4.350309560033e-01,5.533058728307e+06,9.631842202263e+03,1.288016365465e+04,1.339800669854e+00,6.864684802417e+00,4.062033227710e-01,5.515336433139e+06,9.298579542282e+03,1.270082558461e+04,1.321145839619e+00,6.858166696551e+00,3.970505589363e-01,5.496929258148e+06,1.191569081370e+04,1.527242018915e+04,1.588644317599e+00,6.820205316717e+00,5.014845544783e-01
2.206250000000e+01,4.744211110659e+01,5.705861971441e+06,5.637683312735e+06,5.462221254641e+06,9.036637689014e+03,1.199302560302e+04,1.259646082960e+00,7.171517796821e+00,3.813789292030e-01,5.425767869395e+06,8.975992072702e+03,1.187346119023e+04,1.247088047213e+00,7.389031249435e+00,3.846230202789e-01,5.439603284428e+06,9.985468889846e+03,1.328086739142e+04,1.394910103728e+00,6.915011679045e+00,4.354188964447e-01,5.466389714060e+06,9.544327470132e+03,1.275962727917e+04,1.340163446177e+00,6.783812205147e+00,4.070038740611e-01,5.450730974733e+06,9.256982404358e+03,1.258066570142e+04,1.321366834056e+00,6.775870290043e+00,3.971730881277e-01,5.431633841295e+06,1.186031451698e+04,1.516137343739e+04,1.592422570822e+00,6.739322071224e+00,5.028924707665e-01
2.306250000000e+01,4.791533059732e+01,5.642225197920e+06,5.582004648040e+06,5.395530049007e+06,8.927125859742e+03,1.188123691286e+04,1.260352183754e+00,7.082927729511e+00,3.816718909524e-01,5.358091711984e+06,8.843629892463e+03,1.175396963533e+04,1.246851771942e+00,7.300360795498e+00,3.850366983342e-01,5.372962975203e+06,9.990110289145e+03,1.316280122042e+04,1.396299508557e+00,6.830951285228e+00,4.358924462883e-01,5.400790194583e+06,9.451972537987e+03,1.263965470167e+04,1.340804540973e+00,6.700857610705e+00,4.074875860254e-01,5.384563689406e+06,9.184595190186e+03,1.245899965745e+04,1.321640797235e+00,6.693451893098e+00,3.978692627177e-01,5.363999471599e+06,1.176012184421e+04,1.504892738569e+04,1.596378275495e+00,6.657948380771e+00,5.037795801729e-01
2.406250000000e+01,4.840458559114e+01,5.577824383949e+06,5.525583885084e+06,5.329163214501e+06,8.844760804938e+03,1.176989540687e+04,1.261289798884e+00,6.996636166238e+00,3.820325019880e-01,5.291397447525e+06,8.821653981610e+03,1.163475182210e+04,1.246807493055e+00,7.207096774641e+00,3.850857212287e-01,5.304645050860e+06,9.894965748003e+03,1.304332409082e+04,1.397753425207e+00,6.746338896503e+00,4.367640874310e-01,5.333679210790e+06,9.338277305833e+03,1.252000243659e+04,1.341673040361e+00,6.618776613112e+00,4.076187880162e-01,5.316622751129e+06,9.062432961027e+03,1.233844992859e+04,1.322217444676e+00,6.611887305565e+00,3.993521877718e-01,5.299418457780e+06,1.169736036960e+04,1.493499986020e+04,1.600469869852e+00,6.580401494265e+00,5.058616887087e-01
2.506250000000e+01,4.890939486694e+01,5.512813513598e+06,5.468552592692e+06,5.263053722800e+06,8.744941249145e+03,1.165833351782e+04,1.262363818019e+00,6.911510138828e+00,3.822854112304e-01,5.224442121375e+06,8.672701853738e+03,1.151660199317e+04,1.247017135037e+00,7.118035095982e+00,3.855124622280e-01,5.239296364051e+06,9.756283491673e+03,1.292278970355e+04,1.399279075753e+00,6.663430087797e+00,4.377743489992e-01,5.267580875688e+06,9.188378121662e+03,1.239989923465e+04,1.342660519788e+00,6.538979959342e+00,4.083285299372e-01,5.251955608311e+06,8.994279661526e+03,1.221804452502e+04,1.322969300179e+00,6.533176820271e+00,4.003664896725e-01,5.236514089829e+06,1.162238542580e+04,1.481994540279e+04,1.604703007759e+00,6.504338955396e+00,5.091218548570e-01
2.606250000000e+01,4.942928187067e+01,5.447338064719e+06,5.411035483105e+06,5.196519500376e+06,8.649792992574e+03,1.154564129243e+04,1.263450218138e+00,6.825713549415e+00,3.827364373017e-01,5.156170603528e+06,8.552468355969e+03,1.139854408019e+04,1.247353233987e+00,7.028334388458e+00,3.856573755092e-01,5.174507633756e+06,9.581922107353e+03,1.280146230467e+04,1.400875874423e+00,6.583495298389e+00,4.386056586267e-01,5.204797160207e+06,9.109671896530e+03,1.227928276962e+04,1.343733284354e+00,6.459877748519e+00,4.097428051307e-01,5.188648451092e+06,8.952175249563e+03,1.209728643712e+04,1.323817257156e+00,6.456137702305e+00,4.007104430918e-01,5.173448894316e+06,1.154394772739e+04,1.470410910461e+04,1.609084275631e+00,6.432607013696e+00,5.112459156868e-01
2.706250000000e+01,4.996377594068e+01,5.381534809378e+06,5.353150218753e+06,5.132111064025e+06,8.507731645277e+03,1.143234818680e+04,1.264580464657e+00,6.743691996158e+00,3.830327912048e-01,5.091769141139e+06,8.489255791180e+03,1.128056793561e+04,1.247791408076e+00,6.941960426810e+00,3.862021583850e-01,5.109753724661e+06,9.528103309487e+03,1.267904081949e+04,1.402482418217e+00,6.506140738677e+00,4.401403558255e-01,5.141112203468e+06,8.990106642151e+03,1.215819929824e+04,1.344869931071e+00,6.384936983556e+00,4.107767891712e-01,5.125242103261e+06,8.766004170475e+03,1.197620674009e+04,1.324738963226e+00,6.383371814255e+00,4.019047254342e-01,5.111820666717e+06,1.146278984125e+04,1.458778427770e+04,1.613616618283e+00,6.362587390217e+00,5.121964518792e-01
2.806250000000e+01,5.051241338770e+01,5.315531724140e+06,5.295007309464e+06,5.067374936340e+06,8.452090629221e+03,1.131825143407e+04,1.265707139119e+00,6.661426957232e+00,3.831636416014e-01,5.026254239208e+06,8.424191467034e+03,1.116250616045e+04,1.248290322939e+00,6.859667015741e+00,3.864931866665e-01,5.048246457162e+06,9.426000361064e+03,1.255599618214e+04,1.404122721523e+00,6.431057422911e+00,4.413572118464e-01,5.077417478586e+06,8.901566856367e+03,1.203681371982e+04,1.346063139361e+00,6.312365203814e+00,4.112652822743e-01,5.064423861705e+06,8.719121738820e+03,1.185493102960e+04,1.325723405716e+00,6.313403926904e+00,4.024221613031e-01,5.052162367957e+06,1.135149947384e+04,1.447080177361e+04,1.618253245241e+00,6.295547163449e+00,5.132921696718e-01
2.906250000000e+01,5.107473843545e+01,5.249447997268e+06,5.236710089951e+06,5.004938887270e+06,8.350694177797e+03,1.120346119444e+04,1.266817747017e+00,6.583325902190e+00,3.835807206166e-01,4.964714970002e+06,8.336936357690e+03,1.104479349418e+04,1.248876589808e+00,6.778008971584e+00,3.873815633430e-01,4.986370780001e+06,9.332099781758e+03,1.243218425733e+04,1.405754112773e+00,6.359474946228e+00,4.433100365630e-01,5.016948369839e+06,8.779720700542e+03,1.191511861809e+04,1.347287544559e+00,6.242618443892e+00,4.124747235733e-01,5.004311577376e+06,8.695256820172e+03,1.173349352208e+04,1.326750507750e+00,6.244290342517e+00,4.023611552382e-01,4.994869846589e+06,1.127111214220e+04,1.435362512513e+04,1.623018701718e+00,6.227894369216e+00,5.131219462737e-01
3.006250000000e+01,5.165030402863e+01,5.183394120019e+06,5.178354767443e+06,4.944599317785e+06,8.272840880171e+03,1.108798211047e+04,1.267888819686e+00,6.506710166660e+00,3.845746985607e-01,4.903077318180e+06,8.305147745257e+03,1.092742874455e+04,1.249529859906e+00,6.700108171065e+00,3.879869726918e-01,4.927510669966e+06,9.204213059874e+03,1.230807546181e+04,1.407404080779e+00,6.288805759737e+00,4.447141313145e-01,4.958510856423e+06,8.665982148304e+03,1.179338043308e+04,1.348549722432e+00,6.173246483596e+00,4.131180837491e-01,4.946453179735e+06,8.506698283298e+03,1.161192673561e+04,1.327800851085e+00,6.176449676895e+00,4.030947993663e-01,4.938360476945e+06,1.117634208133e+04,1.423602346241e+04,1.627861120711e+00,6.160424421267e+00,5.124210458573e-01
3.106250000000e+01,5.223867251615e+01,5.117472049581e+06,5.120030529563e+06,4.884310887912e+06,8.204599342976e+03,1.097238166986e+04,1.268962568309e+00,6.433437947845e+00,3.845310257468e-01,4.843922581516e+06,8.195939565081e+03,1.081102048684e+04,1.250301050017e+00,6.624019705417e+00,3.881989351541e-01,4.869762423933e+06,9.111749699225e+03,1.218382712405e+04,1.409066966895e+00,6.218453116256e+00,4.455363794585e-01,4.900217632011e+06,8.536767074239e+03,1.167165508314e+04,1.349833960971e+00,6.105891484818e+00,4.145064152222e-01,4.889077912735e+06,8.427451740276e+03,1.149031884242e+04,1.328862315190e+00,6.108795535905e+00,4.047221420407e-01,4.884397168748e+06,1.110194218900e+04,1.411879483747e+04,1.632847151826e+00,6.093450370567e+00,5.108286570089e-01
3.206250000000e+01,5.283941621791e+01,5.051775431839e+06,5.061819702994e+06,4.826767048394e+06,8.114796161028e+03,1.085631894643e+04,1.269978527634e+00,6.359917732354e+00,3.850355113806e-01,4.785842744255e+06,8.112058122215e+03,1.069521606573e+04,1.251132618607e+00,6.549483453757e+00,3.891632944799e-01,4.813678075404e+06,9.052341919713e+03,1.205913474521e+04,1.410684621908e+00,6.149724376744e+00,4.469406154622e-01,4.843680728861e+06,8.525051697562e+03,1.155043623281e+04,1.351176772979e+00,6.038103467463e+00,4.140817475934e-01,4.834128689813e+06,8.361986242012e+03,1.136913747642e+04,1.329968338626e+00,6.041654486987e+00,4.043384791578e-01,4.831078786010e+06,1.100696660823e+04,1.400162438489e+04,1.637918193868e+00,6.026365084270e+00,5.093926999367e-01
3.306250000000e+01,5.345211788367e+01,4.986389872909e+06,5.003797954061e+06,4.769489047588e+06,7.931389066693e+03,1.074019508793e+04,1.270962863547e+00,6.287010413305e+00,3.861430268984e-01,4.730137382381e+06,8.046209946214e+03,1.057904909284e+04,1.251893323963e+00,6.475451646250e+00,3.897154606208e-01,4.757597268830e+06,8.981754625851e+03,1.193452040661e+04,1.412295782978e+00,6.080586975924e+00,4.477884406384e-01,4.789456135196e+06,8.362287296557e+03,1.143033962381e+04,1.352632523028e+00,5.971873577835e+00,4.155923201673e-01,4.778800239344e+06,8.252898006720e+03,1.124829993110e+04,1.331090485176e+00,5.974200309360e+00,4.049267123846e-01,4.776566871019e+06,1.094750401631e+04,1.388481572157e+04,1.643087951833e+00,5.960246126104e+00,5.078879418873e-01
3.406250000000e+01,5.407637105289e+01,4.921393249286e+06,4.946034523007e+06,4.714051920513e+06,7.887005952252e+03,1.062382031647e+04,1.271873824484e+00,6.215598774180e+00,3.860520659685e-01,4.673565589800e+06,7.901375583367e+03,1.046285797093e+04,1.252603563135e+00,6.399707054775e+00,3.898633855634e-01,4.703137521886e+06,8.841951326086e+03,1.180990566113e+04,1.413870851780e+00,6.011065979298e+00,4.482129381026e-01,4.734048507749e+06,8.295038587500e+03,1.130987904959e+04,1.354008133867e+00,5.903492818115e+00,4.154476196951e-01,4.724592071315e+06,8.131385151359e+03,1.112859533168e+04,1.332305016839e+00,5.906071471636e+00,4.065918770398e-01,4.721001927121e+06,1.085313340871e+04,1.376828881821e+04,1.648326650317e+00,5.892419737706e+00,5.075991383768e-01
3.506250000000e+01,5.471178032426e+01,4.856856047409e+06,4.888592484496e+06,4.658588794036e+06,7.797358760559e+03,1.050766907921e+04,1.272749711778e+00,6.144275444517e+00,3.865560679707e-01,4.618314512034e+06,7.733795831794e+03,1.034657888652e+04,1.253237535027e+00,6.326932564940e+00,3.907608027556e-01,4.648944174926e+06,8.762906594934e+03,1.168547019377e+04,1.415411801514e+00,5.942375306315e+00,4.492175157253e-01,4.680134296581e+06,8.132344537337e+03,1.118961599046e+04,1.355351069719e+00,5.836478547147e+00,4.161256606799e-01,4.670473989412e+06,7.979541261278e+03,1.100900003993e+04,1.333473820136e+00,5.838861337541e+00,4.062489766501e-01,4.665521520796e+06,1.080859048560e+04,1.365209390062e+04,1.653620650422e+00,5.824824921887e+00,5.080211730172e-01
3.606250000000e+01,5.535796154349e+01,4.792841724409e+06,4.831529027608e+06,4.605172272574e+06,7.735039416112e+03,1.039165945873e+04,1.273563985131e+00,6.074037638036e+00,3.876074171438e-01,4.563298161224e+06,7.671698312138e+03,1.023053728740e+04,1.253817437872e+00,6.253144479402e+00,3.912807250518e-01,4.595850476523e+06,8.636405295581e+03,1.156123997348e+04,1.416903518843e+00,5.873296180424e+00,4.499569850949e-01,4.627219810232e+06,8.079071577754e+03,1.106942165444e+04,1.356628054579e+00,5.769230953200e+00,4.164806389269e-01,4.617945172468e+06,7.934880549985e+03,1.088964625232e+04,1.334595435201e+00,5.771110761323e+00,4.070559008747e-01,4.610446992539e+06,1.072266208317e+04,1.353667362876e+04,1.659005482285e+00,5.754945294084e+00,5.110486919235e-01
3.706250000000e+01,5.601454191770e+01,4.729407082813e+06,4.774895749385e+06,4.550816756857e+06,7.655844946345e+03,1.027578197973e+04,1.274299296702e+00,6.002585992777e+00,3.884779399201e-01,4.509505526780e+06,7.546601449240e+03,1.011497455273e+04,1.254357574355e+00,6.178766863312e+00,3.914616029965e-01,4.544162370348e+06,8.525781521846e+03,1.143724567235e+04,1.418332361004e+00,5.803694933694e+00,4.504788124032e-01,4.572977651191e+06,7.981787485404e+03,1.094951454869e+04,1.357848844609e+00,5.703443323428e+00,4.177996957070e-01,4.565563111592e+06,7.749531368049e+03,1.077070502780e+04,1.335674683346e+00,5.702354072046e+00,4.074875957683e-01,4.556637625338e+06,1.062895232414e+04,1.342302603825e+04,1.664588901739e+00,5.687220920634e+00,5.114147850281e-01
3.806250000000e+01,5.668116006443e+01,4.666602652905e+06,4.718738956692e+06,4.497692960864e+06,7.487908373084e+03,1.016020677023e+04,1.274961439338e+00,5.932092300507e+00,3.881259723242e-01,4.454734903227e+06,7.554448179066e+03,9.999263621185e+03,1.254765363254e+00,6.106508538347e+00,3.924241750655e-01,4.489876186486e+06,8.454535148292e+03,1.131384107466e+04,1.419726136209e+00,5.735706565343e+00,4.519531192378e-01,4.520111323884e+06,7.904462858049e+03,1.082983279188e+04,1.358989980852e+00,5.636166930647e+00,4.189355180139e-01,4.511445257312e+06,7.737163338681e+03,1.065169825827e+04,1.336636630521e+00,5.636296022653e+00,4.090695374441e-01,4.502393817240e+06,1.055925305281e+04,1.331117822123e+04,1.670363539642e+00,5.618966816019e+00,5.135928848961e-01
3.906250000000e+01,5.735746600269e+01,4.604473077353e+06,4.663099971920e+06,4.444791231315e+06,7.353354561511e+03,1.004496164694e+04,1.275539795457e+00,5.862676690625e+00,3.893088384994e-01,4.401236150979e+06,7.424344274198e+03,9.884091120073e+03,1.255111966447e+00,6.033926287952e+00,3.931064602829e-01,4.436152448277e+06,8.316864286453e+03,1.119082408872e+04,1.421044895026e+00,5.667652067986e+00,4.521035804464e-01,4.468165135862e+06,7.742758611014e+03,1.071045632770e+04,1.360046335035e+00,5.570034963499e+00,4.197694851060e-01,4.457938862307e+06,7.566508791362e+03,1.053326506942e+04,1.337546049888e+00,5.568034315293e+00,4.102920835163e-01,4.448178282074e+06,1.045025411143e+04,1.320081326992e+04,1.676279437395e+00,5.551170108166e+00,5.167125280383e-01
4.006250000000e+01,5.804312109329e+01,4.543057493562e+06,4.608015438672e+06,4.391357398514e+06,7.350651549976e+03,9.930195378688e+03,1.276040104808e+00,5.791958269533e+00,3.894663551307e-01,4.348735591393e+06,7.381882073105e+03,9.769572255215e+03,1.255399871711e+00,5.959959904867e+00,3.934832371689e-01,4.383342628278e+06,8.256308673378e+03,1.106839512247e+04,1.422299917929e+00,5.598039184915e+00,4.532524793584e-01,4.415535017358e+06,7.670939983617e+03,1.059136394009e+04,1.361000930674e+00,5.501816699733e+00,4.202937662456e-01,4.405499765718e+06,7.534026374559e+03,1.041508102342e+04,1.338348398385e+00,5.501160905211e+00,4.110868992325e-01,4.395901968018e+06,1.041882261653e+04,1.309129166393e+04,1.682244160348e+00,5.483858991662e+00,5.166306359627e-01
4.106250000000e+01,5.873779793498e+01,4.482389909978e+06,4.553517624250e+06,4.339834897334e+06,7.198514239763e+03,9.815844420203e+03,1.276442043531e+00,5.722705893689e+00,3.903633999894e-01,4.296879164222e+06,7.223218502758e+03,9.655439227264e+03,1.255583121618e+00,5.887622927679e+00,3.948801461046e-01,4.329854894441e+06,8.142345745266e+03,1.094640112136e+04,1.423458443157e+00,5.529347087015e+00,4.554683417741e-01,4.364323749068e+06,7.581579344226e+03,1.047312997656e+04,1.361914763231e+00,5.437058145635e+00,4.221188646431e-01,4.353109992023e+06,7.444813556462e+03,1.029769175979e+04,1.339100962772e+00,5.432577632423e+00,4.115193113310e-01,4.342974710242e+06,1.029602894444e+04,1.298269037485e+04,1.688255347497e+00,5.417448620632e+00,5.170091181787e-01
4.206250000000e+01,5.944118022255e+01,4.422499573277e+06,4.499634716289e+06,4.287686524179e+06,7.125180563024e+03,9.702212991889e+03,1.276773916273e+00,5.653257228429e+00,3.911909737835e-01,4.244600895350e+06,7.189625234756e+03,9.541864978752e+03,1.255672734422e+00,5.815087514123e+00,3.946330571151e-01,4.277680092206e+06,8.023753339287e+03,1.082541851378e+04,1.424583443249e+00,5.461617055228e+00,4.562163807025e-01,4.312922899564e+06,7.479943493429e+03,1.035533768922e+04,1.362722614608e+00,5.371479122328e+00,4.220877842814e-01,4.300350718043e+06,7.269028606600e+03,1.018048554284e+04,1.339712744604e+00,5.367015858319e+00,4.131495397289e-01,4.309665469007e+06,1.022125641249e+04,1.287540562482e+04,1.694353863077e+00,5.350411002268e+00,5.165572461835e-01
4.306250000000e+01,6.015296257251e+01,4.363411324009e+06,4.446391111396e+06,4.237450526561e+06,7.002280932535e+03,9.589194392237e+03,1.277011821562e+00,5.585127314028e+00,3.920002219751e-01,4.192919076210e+06,7.025510609571e+03,9.428870491239e+03,1.255661173272e+00,5.743571556229e+00,3.954257062489e-01,4.225616474624e+06,7.958072161317e+03,1.070504478229e+04,1.425611806182e+00,5.394491479659e+00,4.579887888143e-01,4.260798745504e+06,7.426937534305e+03,1.023807492242e+04,1.363424514217e+00,5.305274128516e+00,4.247826333287e-01,4.247813458551e+06,7.276783974368e+03,1.006410228323e+04,1.340256236697e+00,5.301408792777e+00,4.144308884619e-01,4.314471321821e+06,1.012093620460e+04,1.276944631826e+04,1.700532207004e+00,5.284646621048e+00,5.158358125075e-01
4.406250000000e+01,6.087285032139e+01,4.305145938804e+06,4.393807694144e+06,4.186386368041e+06,6.911083520856e+03,9.476691416129e+03,1.277133069025e+00,5.516381997103e+00,3.936158468095e-01,4.142369288151e+06,6.941823299152e+03,9.316576072238e+03,1.255555010654e+00,5.672986168200e+00,3.959793851263e-01,4.174156834695e+06,7.884167802111e+03,1.058539326061e+04,1.426548062834e+00,5.327553127632e+00,4.595189839069e-01,4.209608530122e+06,7.289785647331e+03,1.012152406468e+04,1.364034400227e+00,5.239834833722e+00,4.256109438995e-01,4.197110227639e+06,7.122856434593e+03,9.948415590854e+03,1.340705313445e+00,5.235132171600e+00,4.153668708222e-01,4.314280428731e+06,1.005837382310e+04,1.266438551804e+04,1.706724935290e+00,5.219430754218e+00,5.149426833523e-01
4.506250000000e+01,6.160055930144e+01,4.247720457764e+06,4.341902105105e+06,4.136867809017e+06,6.821732499514e+03,9.364842252868e+03,1.277147021904e+00,5.449005801297e+00,3.952948314966e-01,4.091757964293e+06,6.895468248222e+03,9.204765743542e+03,1.255316303175e+00,5.602905654647e+00,3.975634545559e-01,4.122528197047e+06,7.754854400288e+03,1.046651139202e+04,1.427389110580e+00,5.263026342621e+00,4.619072925513e-01,4.158847440063e+06,7.205534708890e+03,1.000577338299e+04,1.364555144965e+00,5.175832304047e+00,4.262563896546e-01,4.145475885731e+06,7.070443908731e+03,9.833572509013e+03,1.341070944437e+00,5.170347449891e+00,4.160233930611e-01,4.309791815045e+06,9.994474945973e+03,1.256039357536e+04,1.712946018263e+00,5.155566348116e+00,5.143230677422e-01
4.606250000000e+01,6.233581559786e+01,4.191148496049e+06,4.290688997029e+06,4.086798392700e+06,6.738915501222e+03,9.253947887349e+03,1.277086955809e+00,5.381723673520e+00,3.969248638162e-01,4.041645633714e+06,6.800379363026e+03,9.094158035717e+03,1.255035228517e+00,5.533572453127e+00,3.975775492631e-01,4.072970779201e+06,7.660603699523e+03,1.034874526548e+04,1.428173980276e+00,5.196046006792e+00,4.629009880754e-01,4.108871103146e+06,7.135029082318e+03,9.890845380618e+03,1.364981710647e+00,5.112509436392e+00,4.278911426186e-01,4.095264220327e+06,6.991833226085e+03,9.719134007173e+03,1.341284759048e+00,5.105976893791e+00,4.177890674038e-01,4.300074214361e+06,9.882720779795e+03,1.245714787696e+04,1.719143143437e+00,5.091383387956e+00,5.143296611184e-01
4.706250000000e+01,6.307835529126e+01,4.135440539068e+06,4.240180278506e+06,4.036602751314e+06,6.672296489059e+03,9.143966801217e+03,1.276940833847e+00,5.315535714076e+00,3.984833849374e-01,3.991872586283e+06,6.676249029735e+03,8.984155463280e+03,1.254623427456e+00,5.463934089587e+00,3.986363702311e-01,4.023535610206e+06,7.568382837471e+03,1.023183333278e+04,1.428859713927e+00,5.130979993746e+00,4.646771614534e-01,4.058846097085e+06,7.031911635121e+03,9.776645249621e+03,1.365293401504e+00,5.049004709588e+00,4.292191655675e-01,4.044134177660e+06,6.873652382595e+03,9.605770280939e+03,1.341430976177e+00,5.042783634387e+00,4.179403733555e-01,4.291650234864e+06,9.830380114934e+03,1.235475937051e+04,1.725323054591e+00,5.027750606106e+00,5.149310310168e-01
4.806250000000e+01,6.382792418879e+01,4.080604220940e+06,4.190385344751e+06,3.988103034885e+06,6.548785533710e+03,9.034624757377e+03,1.276664003519e+00,5.249701905162e+00,4.000337044174e-01,3.943029203346e+06,6.588063226514e+03,8.874984221706e+03,1.254105531987e+00,5.396094270962e+00,3.994941339366e-01,3.974678696943e+06,7.481235933560e+03,1.011581999627e+04,1.429445450379e+00,5.066780220283e+00,4.662114147410e-01,4.008967730507e+06,6.957877086437e+03,9.663161571663e+03,1.365481231377e+00,4.986528414869e+00,4.302852143800e-01,3.994704494582e+06,6.763363468671e+03,9.493187700412e+03,1.341462577720e+00,4.979565087117e+00,4.191162988040e-01,4.277992229963e+06,9.765529505338e+03,1.225307013212e+04,1.731455814753e+00,4.966985398203e+00,5.159102922227e-01
4.906250000000e+01,6.458427754686e+01,4.026644586184e+06,4.141311295346e+06,3.939596136257e+06,6.497134964607e+03,8.926219523751e+03,1.276292280719e+00,5.185634578873e+00,4.023077693094e-01,3.894635977830e+06,6.507351884537e+03,8.766597109274e+03,1.253469084977e+00,5.327001058711e+00,4.002029416425e-01,3.926225851743e+06,7.423084759518e+03,1.000072779839e+04,1.429928051477e+00,5.004250743007e+00,4.675734702451e-01,3.960571420803e+06,6.854227291141e+03,9.550869370792e+03,1.365606214328e+00,4.924930096239e+00,4.320932865164e-01,3.946134711683e+06,6.720403058148e+03,9.381381668132e+03,1.341372456016e+00,4.917105870430e+00,4.200780558286e-01,4.261715823446e+06,9.709142014199e+03,1.215101583564e+04,1.737381393395e+00,4.903805952309e+00,5.183991181017e-01
5.006250000000e+01,6.534717978804e+01,3.973564334781e+06,4.092963138947e+06,3.892762373907e+06,6.387436877392e+03,8.818610257622e+03,1.275800511447e+00,5.120880815232e+00,4.044388057812e-01,3.847564649078e+06,6.436487107788e+03,8.659171009821e+03,1.252734215518e+00,5.260217296420e+00,4.008927586225e-01,3.876953469673e+06,7.293886002077e+03,9.886659841743e+03,1.430316718181e+00,4.939869283608e+00,4.688664872039e-01,3.912435187369e+06,6.742441227531e+03,9.439142070423e+03,1.365573704843e+00,4.864529239017e+00,4.326707564299e-01,3.898306691908e+06,6.600050582116e+03,9.270799265506e+03,1.341219319023e+00,4.856381698026e+00,4.219483063953e-01,4.244039676119e+06,9.648342291500e+03,1.204727075771e+04,1.742895280007e+00,4.842493504787e+00,5.212894597915e-01
5.106250000000e+01,6.611640421446e+01,3.921364050923e+06,4.045343985117e+06,3.846492379162e+06,6.267891574988e+03,8.711968910675e+03,1.275208845315e+00,5.056663366707e+00,4.063512416552e-01,3.801043331390e+06,6.405551717306e+03,8.552678000360e+03,1.251892740782e+00,5.192988131734e+00,4.024042351318e-01,3.831099593215e+06,7.238272940131e+03,9.773760860393e+03,1.430627958956e+00,4.878167729491e+00,4.704163259355e-01,3.863949455423e+06,6.676017196173e+03,9.328635277726e+03,1.365472988120e+00,4.803538332210e+00,4.339914901420e-01,3.850064231755e+06,6.535817155130e+03,9.160679612504e+03,1.340888585661e+00,4.794710828641e+00,4.224712589207e-01,4.227608312109e+06,9.578181890727e+03,1.194026671115e+04,1.747748859253e+00,4.782097294988e+00,5.237239962089e-01
5.206250000000e+01,6.689173271975e+01,3.870042415893e+06,3.998455223565e+06,3.801085519292e+06,6.237612853035e+03,8.606252569020e+03,1.274507238683e+00,4.992643625835e+00,4.080600819158e-01,3.755983125366e+06,6.289405452206e+03,8.447247014460e+03,1.250959971315e+00,5.127176143606e+00,4.039298237232e-01,3.782784270986e+06,7.133502613742e+03,9.661903883663e+03,1.430839536771e+00,4.816917496713e+00,4.719028155087e-01,3.817148755595e+06,6.599966873247e+03,9.219001877235e+03,1.365249803180e+00,4.743644303279e+00,4.351775551138e-01,3.802710198101e+06,6.442863517105e+03,9.051936530563e+03,1.340508954365e+00,4.733894616849e+00,4.239883510537e-01,4.205781948283e+06,9.497581516922e+03,1.182816975661e+04,1.751643686294e+00,4.720740154322e+00,5.251800705725e-01
5.306250000000e+01,6.767295550107e+01,3.819596405628e+06,3.952296691140e+06,3.757242710166e+06,6.139620400103e+03,8.501307659923e+03,1.273669211883e+00,4.931152269009e+00,4.096587652077e-01,3.710726011115e+06,6.235173836450e+03,8.342684582956e+03,1.249904240950e+00,5.062128060597e+00,4.054305187225e-01,3.737097190123e+06,7.063052407301e+03,9.551051523930e+03,1.430942244860e+00,4.755387618475e+00,4.733306292977e-01,3.771593620395e+06,6.511651666474e+03,9.110316709613e+03,1.364911183986e+00,4.683208569319e+00,4.362700504885e-01,3.755951297527e+06,6.337163618857e+03,8.944009111662e+03,1.339994915138e+00,4.674138221129e+00,4.253936249461e-01,4.182750496569e+06,9.378797696838e+03,1.171047938696e+04,1.754468565098e+00,4.659647320953e+00,5.254307392790e-01
5.406250000000e+01,6.845987077296e+01,3.770021473588e+06,3.906866827044e+06,3.712871585345e+06,6.062127573436e+03,8.397678124627e+03,1.272773349076e+00,4.868618511880e+00,4.115966309484e-01,3.666977075944e+06,6.083599079223e+03,8.239051518126e+03,1.248731499149e+00,4.998315803241e+00,4.069011680137e-01,3.692217456190e+06,6.974794891590e+03,9.441324493498e+03,1.430951033960e+00,4.694103503843e+00,4.747177434726e-01,3.727860276884e+06,6.437439335574e+03,9.002814961336e+03,1.364489419504e+00,4.624946462731e+00,4.373439126745e-01,3.709888682588e+06,6.267004618648e+03,8.837008027734e+03,1.339359301029e+00,4.615597653466e+00,4.266656317422e-01,4.160764529196e+06,9.290126107780e+03,1.158735843584e+04,1.756209369358e+00,4.624069281435e+00,5.243512430781e-01
5.506250000000e+01,6.925228448398e+01,3.721311719599e+06,3.862162816715e+06,3.670094796246e+06,5.964328237610e+03,8.294796183316e+03,1.271731993016e+00,4.807732490511e+00,4.130190506363e-01,3.624444663229e+06,6.020733507892e+03,8.136325278194e+03,1.247435733584e+00,4.934788975533e+00,4.083683828834e-01,3.647288338703e+06,6.904777034750e+03,9.332768623451e+03,1.430870654270e+00,4.634365906650e+00,4.760966257027e-01,3.684733549900e+06,6.349631028268e+03,8.896030125459e+03,1.363911285021e+00,4.566305478919e+00,4.391372965611e-01,3.663971351731e+06,6.245457271923e+03,8.730896673976e+03,1.338593544992e+00,4.556496112072e+00,4.278251303376e-01,4.140773989352e+06,9.194491821343e+03,1.146177605206e+04,1.757283359356e+00,4.614997240022e+00,5.235399335684e-01
5.606250000000e+01,7.005001003747e+01,3.673460045387e+06,3.818180724935e+06,3.628308052944e+06,5.865408431427e+03,8.192899787254e+03,1.270578838879e+00,4.747704325321e+00,4.146924965792e-01,3.582234557678e+06,5.926311646616e+03,8.034948002292e+03,1.246083214528e+00,4.872090057226e+00,4.098996602718e-01,3.602732270266e+06,6.811422388371e+03,9.226338095514e+03,1.430847471458e+00,4.575268562558e+00,4.775122153946e-01,3.641646741500e+06,6.261781585256e+03,8.790569765119e+03,1.363267245454e+00,4.509111658529e+00,4.401678955582e-01,3.619183646416e+06,6.097742847269e+03,8.626140266998e+03,1.337767038418e+00,4.498817225255e+00,4.289367708488e-01,4.118832895976e+06,9.123263051652e+03,1.133754231190e+04,1.758259190330e+00,4.612978347034e+00,5.216660447367e-01
5.706250000000e+01,7.085286801711e+01,3.626458297534e+06,3.774915618687e+06,3.587033849686e+06,5.810314923685e+03,8.092094643533e+03,1.269328880508e+00,4.688533398130e+00,4.163513049320e-01,3.541694676868e+06,5.868893809907e+03,7.934261270425e+03,1.244571080751e+00,4.809927818592e+00,4.119505317708e-01,3.560377403868e+06,6.759385325251e+03,9.121380379690e+03,1.430783011824e+00,4.517613152522e+00,4.795677995612e-01,3.598665249537e+06,6.185772110863e+03,8.686023217942e+03,1.362492730619e+00,4.452491332425e+00,4.418958732071e-01,3.577676611936e+06,6.049108547707e+03,8.522080126670e+03,1.336776558271e+00,4.441156552964e+00,4.309992737647e-01,4.092856279378e+06,9.014356878748e+03,1.121721821273e+04,1.759536889222e+00,4.608049328326e+00,5.192051522950e-01
5.806250000000e+01,7.166068591808e+01,3.580297398576e+06,3.732361680327e+06,3.547603010116e+06,5.725800403349e+03,7.992359786898e+03,1.267978122117e+00,4.630718029020e+00,4.180499184478e-01,3.500976039192e+06,5.777497377899e+03,7.834749935807e+03,1.242973511671e+00,4.749102154321e+00,4.139550731180e-01,3.519604366516e+06,6.696852422519e+03,9.018070495924e+03,1.430705873787e+00,4.459396343898e+00,4.809884393484e-01,3.558144256850e+06,6.112224839908e+03,8.582480193107e+03,1.361600004069e+00,4.396345879172e+00,4.436138663929e-01,3.534441681494e+06,5.956593067631e+03,8.419334744592e+03,1.335717177850e+00,4.384759324973e+00,4.319458323319e-01,4.045507976566e+06,8.902987770809e+03,1.109864205646e+04,1.760786011644e+00,4.596466789324e+00,5.182821865210e-01
5.906250000000e+01,7.247329788446e+01,3.534967466998e+06,3.690512311623e+06,3.509295039806e+06,5.663541211922e+03,7.893575175072e+03,1.266506861612e+00,4.572932195679e+00,4.198730669555e-01,3.462225543371e+06,5.737811074530e+03,7.736326801870e+03,1.241276704273e+00,4.689111579190e+00,4.153028152640e-01,3.478554956620e+06,6.585490391293e+03,8.916106799974e+03,1.430569822999e+00,4.402427602700e+00,4.830530328300e-01,3.518363258483e+06,6.048909553679e+03,8.480033617878e+03,1.360602835286e+00,4.341089850123e+00,4.452885783758e-01,3.493649964919e+06,5.915219966306e+03,8.317521693048e+03,1.334528152607e+00,4.328963580033e+00,4.337243215073e-01,3.974005456143e+06,8.833744543317e+03,1.098098261370e+04,1.761874628295e+00,4.579190800559e+00,5.172866570536e-01
6.006250000000e+01,7.329054445322e+01,3.490457926822e+06,3.649360229235e+06,3.471316409950e+06,5.621419302986e+03,7.795724143849e+03,1.264911626155e+00,4.516787122624e+00,4.216522550103e-01,3.423905657540e+06,5.671514635107e+03,7.638868237237e+03,1.239460640943e+00,4.630014544744e+00,4.170669415071e-01,3.439621912009e+06,6.509955384242e+03,8.815565752574e+03,1.430388172517e+00,4.346582788307e+00,4.851189636930e-01,3.478920560605e+06,5.948131260965e+03,8.378559887066e+03,1.359480866181e+00,4.287325931565e+00,4.469299758380e-01,3.454141496912e+06,5.822515434430e+03,8.216722337909e+03,1.333221574074e+00,4.273737970680e+00,4.353966343225e-01,3.896604434769e+06,8.760672256739e+03,1.086750170152e+04,1.763329357974e+00,4.554262503718e+00,5.199483294863e-01
6.106250000000e+01,7.411227230527e+01,3.446757607499e+06,3.608897552147e+06,3.434716973222e+06,5.523333407617e+03,7.699055697646e+03,1.263232713620e+00,4.460875124797e+00,4.236527478613e-01,3.386461694782e+06,5.577788250836e+03,7.542369154522e+03,1.237524162490e+00,4.572179794932e+00,4.187866542869e-01,3.401267099524e+06,6.440394185538e+03,8.716446812073e+03,1.430162501995e+00,4.290716114469e+00,4.871332587259e-01,3.441152774308e+06,5.875201903641e+03,8.278167978291e+03,1.358251324538e+00,4.232801701387e+00,4.491135399287e-01,3.415294402338e+06,5.760302568360e+03,8.117005383157e+03,1.331808359273e+00,4.219455513207e+00,4.369559585037e-01,3.848649108072e+06,8.638957002566e+03,1.075978461728e+04,1.765425846213e+00,4.527040737904e+00,5.182650052262e-01
6.206250000000e+01,7.493833402372e+01,3.403854834784e+06,3.569115881625e+06,3.397599900239e+06,5.459939114894e+03,7.603401116299e+03,1.261443227896e+00,4.406389199199e+00,4.255579219912e-01,3.349529116095e+06,5.520621992446e+03,7.447096841363e+03,1.235511547310e+00,4.515184500352e+00,4.206707084595e-01,3.363830395391e+06,6.372310164484e+03,8.618614535259e+03,1.429872339109e+00,4.235883811638e+00,4.890976269037e-01,3.404831138386e+06,5.783992922499e+03,8.178970350682e+03,1.356933114828e+00,4.180058597186e+00,4.505432457802e-01,3.376676220891e+06,5.654246879970e+03,8.018269108821e+03,1.330271954887e+00,4.166244045926e+00,4.384381989934e-01,3.825293743901e+06,8.555051562232e+03,1.065700978214e+04,1.768052561437e+00,4.494914079675e+00,5.128505649383e-01
6.306250000000e+01,7.576858785968e+01,3.361737513235e+06,3.530006374170e+06,3.363017102812e+06,5.365934668315e+03,7.508721863979e+03,1.259537157650e+00,4.352944305305e+00,4.275763524209e-01,3.314768538287e+06,5.432819086360e+03,7.352868735806e+03,1.233393852621e+00,4.458919969848e+00,4.222186334206e-01,3.327906911416e+06,6.304844106291e+03,8.522114180213e+03,1.429526844404e+00,4.182352587385e+00,4.910521877892e-01,3.368537052838e+06,5.730763699008e+03,8.080718775866e+03,1.355485759508e+00,4.128081666610e+00,4.524844466183e-01,3.339225052858e+06,5.616153254117e+03,7.920563891220e+03,1.328620864011e+00,4.112732854547e+00,4.399191364519e-01,3.821160183217e+06,8.518491243410e+03,1.055836181857e+04,1.771093572955e+00,4.460574560092e+00,5.195450262262e-01
6.406250000000e+01,7.660289750558e+01,3.320393200969e+06,3.491559807997e+06,3.328739540358e+06,5.295379892964e+03,7.415094967392e+03,1.257528070343e+00,4.300488095967e+00,4.296655099744e-01,3.280996473129e+06,5.389640429902e+03,7.259523406175e+03,1.231144644906e+00,4.403960829889e+00,4.239169255493e-01,3.292167744589e+06,6.239006615150e+03,8.427270731011e+03,1.429183246773e+00,4.129104380364e+00,4.931276367862e-01,3.333702560474e+06,5.653581308033e+03,7.983470650784e+03,1.353919064593e+00,4.076395474243e+00,4.539212101122e-01,3.303815942469e+06,5.605029599688e+03,7.824138956514e+03,1.326897957120e+00,4.060715827052e+00,4.417095157476e-01,3.816339310508e+06,8.442510824565e+03,1.046157314959e+04,1.774181174134e+00,4.424891968815e+00,5.125210562868e-01
6.506250000000e+01,7.744113187609e+01,3.279809177247e+06,3.453766643475e+06,3.295025465909e+06,5.217639476699e+03,7.322536386563e+03,1.255419886460e+00,4.249128688606e+00,4.318011329958e-01,3.247131799582e+06,5.308156487632e+03,7.167349232417e+03,1.228813662995e+00,4.350328798327e+00,4.256094471634e-01,3.258304731056e+06,6.174109582553e+03,8.333579509749e+03,1.428759228993e+00,4.076691459885e+00,4.949529411544e-01,3.299666416973e+06,5.580000869251e+03,7.887440575842e+03,1.352270474252e+00,4.025684910952e+00,4.556550414771e-01,3.268720074700e+06,5.586108013037e+03,7.728541961610e+03,1.325027935642e+00,4.009429458412e+00,4.431110404909e-01,3.810607623982e+06,8.348562318688e+03,1.036601010122e+04,1.777211411091e+00,4.391454230689e+00,5.099590411755e-01
6.606250000000e+01,7.828316489674e+01,3.239972503459e+06,3.416617078006e+06,3.261628761834e+06,5.152986461181e+03,7.231003818635e+03,1.253206791101e+00,4.199062747828e+00,4.339970675919e-01,3.213232401147e+06,5.266955212405e+03,7.076258395577e+03,1.226387829318e+00,4.297373863937e+00,4.273754380693e-01,3.223608220548e+06,6.110100965401e+03,8.241287834988e+03,1.428299326245e+00,4.025230637986e+00,4.967072984511e-01,3.266138537170e+06,5.515816542656e+03,7.792422452508e+03,1.350506372497e+00,3.975828777466e+00,4.573398131885e-01,3.234764420269e+06,5.423304482924e+03,7.634129612898e+03,1.323072607205e+00,3.958405136754e+00,4.447436933444e-01,3.804036377061e+06,8.274444929910e+03,1.027146885679e+04,1.780150425691e+00,4.336646887959e+00,5.208987314146e-01
6.706250000000e+01,7.912887530004e+01,3.200870078030e+06,3.380101095743e+06,3.229564424263e+06,5.081923337107e+03,7.140398787758e+03,1.250873044660e+00,4.150015663679e+00,4.363004754185e-01,3.181984703673e+06,5.179572310197e+03,6.986149181196e+03,1.223851210064e+00,4.245645517082e+00,4.292639953486e-01,3.191562772208e+06,6.047341596137e+03,8.150558943278e+03,1.427835445065e+00,3.974530641956e+00,4.983261527321e-01,3.233465826644e+06,5.440075920710e+03,7.698441404407e+03,1.348632355826e+00,3.926432816421e+00,4.590005347675e-01,3.200706757188e+06,5.373353009282e+03,7.540810951773e+03,1.321018256099e+00,3.908296085095e+00,4.463696157118e-01,3.792553698887e+06,8.229451579307e+03,1.017753741673e+04,1.782926639537e+00,4.225499593402e+00,5.087903456945e-01
6.806250000000e+01,7.997814642920e+01,3.162488685735e+06,3.344208512551e+06,3.198646340268e+06,5.016389982012e+03,7.051021710356e+03,1.248473015702e+00,4.102079983644e+00,4.387742819131e-01,3.150614678760e+06,5.120232752725e+03,6.897093396997e+03,1.221218051319e+00,4.195198825514e+00,4.310746963636e-01,3.159549530969e+06,5.986088053215e+03,8.061172941442e+03,1.427333130675e+00,3.924577263744e+00,4.998345254517e-01,3.201491193689e+06,5.375506433451e+03,7.605663479272e+03,1.346679390653e+00,3.877977906587e+00,4.606773923313e-01,3.167968053134e+06,5.339571818935e+03,7.448512901942e+03,1.318853883477e+00,3.858982372493e+00,4.479796433685e-01,3.776520530775e+06,8.137366971507e+03,1.008444355944e+04,1.785578910335e+00,4.104540207631e+00,5.175799501178e-01
6.906250000000e+01,8.083086604912e+01,3.124815041888e+06,3.308929016597e+06,3.166605563756e+06,4.963731632757e+03,6.962570612146e+03,1.245955748332e+00,4.055681904558e+00,4.407061558261e-01,3.119832449835e+06,5.051744460295e+03,6.809088201534e+03,1.218489988568e+00,4.146077076351e+00,4.329497420508e-01,3.127900303136e+06,5.925720132982e+03,7.973457146310e+03,1.426854436233e+00,3.875400429362e+00,5.012765086447e-01,3.169662153852e+06,5.312220525264e+03,7.513931686646e+03,1.344622108567e+00,3.830348150750e+00,4.624229337920e-01,3.136070800105e+06,5.323318284845e+03,7.357262595093e+03,1.316586090539e+00,3.810410509685e+00,4.495475763126e-01,3.758602171463e+06,8.034379736823e+03,9.992024893530e+03,1.788078218101e+00,4.041580694210e+00,5.172951437199e-01
7.006250000000e+01,8.168692616478e+01,3.087835831834e+06,3.274252204900e+06,3.137241319837e+06,4.904381591169e+03,6.875249127749e+03,1.243359643664e+00,4.010524738506e+00,4.433585784410e-01,3.088930113675e+06,4.999729426623e+03,6.722094845751e+03,1.215662341362e+00,4.098157023830e+00,4.349001870067e-01,3.096748067587e+06,5.866357130164e+03,7.887361270936e+03,1.426395831927e+00,3.826955336210e+00,5.026927182656e-01,3.139533993704e+06,5.249643983215e+03,7.423699580192e+03,1.342544581758e+00,3.783371428604e+00,4.638920399740e-01,3.104546222032e+06,5.219771910419e+03,7.267038910865e+03,1.314213164180e+00,3.762255058716e+00,4.511704881275e-01,3.733948395490e+06,7.955081316311e+03,9.900308354585e+03,1.790428774172e+00,4.021421648939e+00,5.073315325062e-01
7.106250000000e+01,8.254622284666e+01,3.051537746143e+06,3.240167616190e+06,3.107444389885e+06,4.850732420112e+03,6.788859546044e+03,1.240651493526e+00,3.966755585562e+00,4.453782300631e-01,3.059544450537e+06,4.937992654362e+03,6.636049372485e+03,1.212725717662e+00,4.051594682097e+00,4.364406539237e-01,3.065848807596e+06,5.807654856019e+03,7.802253564459e+03,1.425847371265e+00,3.779229748037e+00,5.041287999543e-01,3.109716709607e+06,5.188147137529e+03,7.335084147692e+03,1.340473026618e+00,3.737104139567e+00,4.656727778989e-01,3.073702854698e+06,5.194307937119e+03,7.177813493449e+03,1.311732106181e+00,3.714955951677e+00,4.527941365856e-01,3.712273440245e+06,7.874006591077e+03,9.811144644416e+03,1.792968491061e+00,4.011649636729e+00,5.191985615771e-01
7.206250000000e+01,8.340865606308e+01,3.015907511880e+06,3.206664760361e+06,3.077616291454e+06,4.778386994945e+03,6.703519769511e+03,1.237855046436e+00,3.924824537412e+00,4.474977039301e-01,3.030824951072e+06,4.909118942634e+03,6.551184475961e+03,1.209725195499e+00,4.006589419254e+00,4.384081923615e-01,3.036478781038e+06,5.750800236924e+03,7.718399155049e+03,1.425260113044e+00,3.732199793291e+00,5.056395604992e-01,3.080329951559e+06,5.143910851761e+03,7.247615769010e+03,1.338326440850e+00,3.691378720726e+00,4.671957618658e-01,3.044481609526e+06,5.096802177573e+03,7.089697908754e+03,1.309165727231e+00,3.668272147012e+00,4.544907533035e-01,3.687136598147e+06,7.784257629036e+03,9.720203517744e+03,1.794908255742e+00,3.997955638053e+00,5.062782342767e-01
7.306250000000e+01,8.427412951938e+01,2.980931920291e+06,3.173733144820e+06,3.048369589784e+06,4.711932664442e+03,6.619322941459e+03,1.234990504840e+00,3.884754920615e+00,4.505628720608e-01,3.000704119367e+06,4.815629986235e+03,6.467358370212e+03,1.206637937029e+00,3.963450174743e+00,4.405402650269e-01,3.007906199314e+06,5.694842428488e+03,7.635469470645e+03,1.424576558606e+00,3.685846852704e+00,5.072803930248e-01,3.050811584654e+06,5.119712863348e+03,7.161640687540e+03,1.336172645815e+00,3.646581370332e+00,4.691863962133e-01,3.015262586368e+06,5.071242388680e+03,7.002754233638e+03,1.306528637862e+00,3.622278152693e+00,4.563147986476e-01,3.655827999150e+06,7.718079166494e+03,9.628488582227e+03,1.796421186907e+00,3.977434640173e+00,5.121224179269e-01
7.406250000000e+01,8.514255050355e+01,2.946597851231e+06,3.141362297990e+06,3.019995972514e+06,4.650427909253e+03,6.536133059289e+03,1.232035760936e+00,3.846726673270e+00,4.528128768333e-01,2.973837830029e+06,4.771176480632e+03,6.384447592010e+03,1.203443637978e+00,3.921874952145e+00,4.420940176897e-01,2.978310176397e+06,5.639869675718e+03,7.553652862814e+03,1.423834302066e+00,3.639873973233e+00,5.078918929210e-01,3.023381923552e+06,5.031617198123e+03,7.076915880269e+03,1.333971227718e+00,3.602360235345e+00,4.707854308256e-01,2.985760541480e+06,5.025526729370e+03,6.916595757527e+03,1.303751505656e+00,3.576836764512e+00,4.580657947421e-01,3.614021622700e+06,7.615669597746e+03,9.539090536100e+03,1.798081611968e+00,3.951646262221e+00,5.103892729454e-01
7.506250000000e+01,8.601382973830e+01,2.912892294619e+06,3.109541790202e+06,2.992510686310e+06,4.600331912789e+03,6.453934768366e+03,1.228990794452e+00,3.810925875370e+00,4.551658955497e-01,2.945213801998e+06,4.735866983486e+03,6.302637541206e+03,1.200180013730e+00,3.882831510556e+00,4.443858666801e-01,2.951316921873e+06,5.585627987384e+03,7.472845021924e+03,1.423016821509e+00,3.595039548282e+00,5.096709644827e-01,2.995804819823e+06,4.972772369371e+03,6.993415516677e+03,1.331721438199e+00,3.558657376809e+00,4.724959812471e-01,2.958294595926e+06,4.993629489642e+03,6.831801868260e+03,1.300946152534e+00,3.531818757046e+00,4.599944795232e-01,3.571055231250e+06,7.511514849273e+03,9.449766227667e+03,1.799472123649e+00,3.922107139695e+00,5.047706038209e-01
7.606250000000e+01,8.688788123927e+01,2.879802369200e+06,3.078261252222e+06,2.965667911408e+06,4.560309902976e+03,6.372804902508e+03,1.225873349706e+00,3.777350881899e+00,4.576365714141e-01,2.918301941599e+06,4.657650699633e+03,6.221885461038e+03,1.196842471768e+00,3.846258787717e+00,4.460023455020e-01,2.923534217585e+06,5.532528914544e+03,7.393172468261e+03,1.422151350508e+00,3.550557337678e+00,5.104547151162e-01,2.968524502794e+06,4.915920669345e+03,6.911165704456e+03,1.329432484143e+00,3.515351079308e+00,4.742989821199e-01,2.930274151297e+06,4.851150593209e+03,6.748003680419e+03,1.298046621872e+00,3.487549437298e+00,4.618566611897e-01,3.531293260687e+06,7.448735843523e+03,9.359785263565e+03,1.800449172556e+00,3.889945452273e+00,5.093709715442e-01
7.706250000000e+01,8.776462217916e+01,2.847315338857e+06,3.047510391608e+06,2.938954152740e+06,4.492182209096e+03,6.292835662960e+03,1.222704896177e+00,3.745588536687e+00,4.590538680222e-01,2.892115030676e+06,4.602318885256e+03,6.142088623620e+03,1.193414580498e+00,3.811717449494e+00,4.477208056076e-01,2.895391068773e+06,5.480257313035e+03,7.314583523541e+03,1.421231630181e+00,3.506482749366e+00,5.114720076133e-01,2.941726745721e+06,4.897693920083e+03,6.830283822797e+03,1.327131665232e+00,3.472285856745e+00,4.761836619982e-01,2.902371087784e+06,4.836064610334e+03,6.665945415844e+03,1.295200531865e+00,3.443875851831e+00,4.640103287961e-01,3.491823885833e+06,7.327018885573e+03,9.269307704888e+03,1.801036690287e+00,3.856034399506e+00,5.027996444414e-01
7.806250000000e+01,8.864397275760e+01,2.815418626705e+06,3.017279007090e+06,2.911566851117e+06,4.425670881857e+03,6.213828948741e+03,1.219450789050e+00,3.714866088497e+00,4.616543878909e-01,2.865832489874e+06,4.561106381375e+03,6.063255181880e+03,1.189901005765e+00,3.781514942953e+00,4.503531274951e-01,2.869587770912e+06,5.428581499210e+03,7.236904684292e+03,1.420227238365e+00,3.462878681817e+00,5.135199341091e-01,2.915367363720e+06,4.824023711943e+03,6.750853426341e+03,1.324840706982e+00,3.430657588348e+00,4.781452440449e-01,2.876363739196e+06,4.768330980725e+03,6.585460141712e+03,1.292382624677e+00,3.400619826654e+00,4.659357835145e-01,3.452100615552e+06,7.220034486585e+03,9.178690966982e+03,1.801298689498e+00,3.821561474759e+00,5.052257969514e-01
7.906250000000e+01,8.952585607661e+01,2.784099827183e+06,2.987557001160e+06,2.885869300561e+06,4.375923086828e+03,6.135711815807e+03,1.216099778334e+00,3.684786694775e+00,4.644169053363e-01,2.839854713633e+06,4.496985024108e+03,5.985459527299e+03,1.186319733209e+00,3.751762221410e+00,4.521724373918e-01,2.843725837074e+06,5.378558119378e+03,7.160351848335e+03,1.419183716080e+00,3.419717756251e+00,5.147413486354e-01,2.889180487456e+06,4.758497539048e+03,6.673021023903e+03,1.322594611937e+00,3.388990703564e+00,4.801875396151e-01,2.850260009973e+06,4.698483034677e+03,6.506419942729e+03,1.289574231585e+00,3.357714790404e+00,4.679453190970e-01,3.411482387580e+06,7.167751433125e+03,9.088842041670e+03,1.801411005600e+00,3.786606472735e+00,5.020085758590e-01
8.006250000000e+01,9.041019802130e+01,2.753346716322e+06,2.958334391034e+06,2.860087900080e+06,4.326427216029e+03,6.058893273207e+03,1.212736632793e+00,3.655982777328e+00,4.660811274826e-01,2.814338951990e+06,4.443968177197e+03,5.908748937568e+03,1.182684026183e+00,3.722490614494e+00,4.540905188435e-01,2.818027708515e+06,5.329029573063e+03,7.084639737695e+03,1.418048107571e+00,3.376778407181e+00,5.161416022148e-01,2.862671968224e+06,4.721427740276e+03,6.596130276418e+03,1.320268976558e+00,3.346649714859e+00,4.823223938197e-01,2.824399064142e+06,4.647857982157e+03,6.429087555345e+03,1.286834021038e+00,3.315052126833e+00,4.700067214433e-01,3.374143255277e+06,7.078374689247e+03,9.000243719954e+03,1.801471782235e+00,3.751543826469e+00,5.015473221368e-01
8.106250000000e+01,9.129692714572e+01,2.723147260389e+06,2.929601318122e+06,2.834744740963e+06,4.265037143786e+03,5.982884243642e+03,1.209267925990e+00,3.629536378212e+00,4.690215498522e-01,2.789227503501e+06,4.399583442274e+03,5.833059743597e+03,1.178985213664e+00,3.694430920880e+00,4.561089422617e-01,2.792571983993e+06,5.280636575219e+03,7.009914835352e+03,1.416852613072e+00,3.333463951667e+00,5.176892810388e-01,2.838562739931e+06,4.656361118701e+03,6.520056754281e+03,1.317841894896e+00,3.306327655985e+00,4.845705229240e-01,2.798922445669e+06,4.577242366112e+03,6.352895253538e+03,1.284055006654e+00,3.273603499048e+00,4.721016720697e-01,3.335782342512e+06,7.038634136725e+03,8.912919674917e+03,1.801490293124e+00,3.716603187613e+00,4.990022023366e-01
8.206250000000e+01,9.218597456365e+01,2.693489623046e+06,2.901348056172e+06,2.808938293644e+06,4.213704342124e+03,5.908142791422e+03,1.205789805473e+00,3.597829274711e+00,4.708562077028e-01,2.764260143636e+06,4.333376978265e+03,5.758466100433e+03,1.175242367051e+00,3.666323176873e+00,4.582337420575e-01,2.767245135414e+06,5.233004258259e+03,6.936286175015e+03,1.415623056677e+00,3.291300282647e+00,5.193527117284e-01,2.813971170270e+06,4.601264858622e+03,6.445232460047e+03,1.315404158057e+00,3.264649326682e+00,4.869587272419e-01,2.773796022101e+06,4.530127167306e+03,6.277635874712e+03,1.281199457669e+00,3.232442747622e+00,4.742231072050e-01,3.326770012453e+06,6.970615959443e+03,8.826659397212e+03,1.801428349531e+00,3.682352647540e+00,4.997801555999e-01
8.306250000000e+01,9.307727384410e+01,2.664362171188e+06,2.873565018186e+06,2.785259576103e+06,4.163042864406e+03,5.834311853103e+03,1.202234169585e+00,3.571263991925e+00,4.740380159951e-01,2.738975416343e+06,4.281186980016e+03,5.684837208708e+03,1.171433017795e+00,3.637556474311e+00,4.604766286355e-01,2.741799142054e+06,5.186268587712e+03,6.863786832772e+03,1.414370584033e+00,3.249652905281e+00,5.211007325646e-01,2.788975113945e+06,4.548943826616e+03,6.371196800701e+03,1.312866142196e+00,3.223588165841e+00,4.886997254735e-01,2.748818371745e+06,4.499127426502e+03,6.203271527541e+03,1.278263003657e+00,3.190861260545e+00,4.763741470852e-01,3.356502805526e+06,6.899333280199e+03,8.741820768824e+03,1.801363365086e+00,3.647418622486e+00,4.934841451603e-01
8.406250000000e+01,9.397076091131e+01,2.635753479586e+06,2.846242762246e+06,2.760795988746e+06,4.112948472514e+03,5.761510844158e+03,1.198629330079e+00,3.539811007036e+00,4.759977792765e-01,2.715370816698e+06,4.234369875424e+03,5.612225060609e+03,1.167571796115e+00,3.608479350589e+00,4.616835813256e-01,2.718650691975e+06,5.140488680793e+03,6.792095923266e+03,1.413033075273e+00,3.206469726322e+00,5.229090106513e-01,2.765718058522e+06,4.499560782621e+03,6.298062787125e+03,1.310254025988e+00,3.183634140642e+00,4.911952896843e-01,2.723619200808e+06,4.457731992766e+03,6.129876695423e+03,1.275264456779e+00,3.150767587004e+00,4.785666629396e-01,3.382418548869e+06,6.835996952679e+03,8.658800989520e+03,1.801383892192e+00,3.609535543643e+00,4.973981141998e-01
8.506250000000e+01,9.486637394910e+01,2.607652334463e+06,2.819371996342e+06,2.736192939575e+06,4.063423626740e+03,5.689969283040e+03,1.195027766594e+00,3.511123813509e+00,4.780634094413e-01,2.692300009039e+06,4.189177661115e+03,5.540581214068e+03,1.163652748287e+00,3.580031155340e+00,4.640477478154e-01,2.695188790235e+06,5.095694817547e+03,6.721339673434e+03,1.411639876933e+00,3.165780680638e+00,5.244665730101e-01,2.741810579938e+06,4.444864640308e+03,6.225768725847e+03,1.307558288224e+00,3.143013726557e+00,4.930929119976e-01,2.700586662798e+06,4.389699387062e+03,6.059138818210e+03,1.272562077091e+00,3.110277632846e+00,4.808207368307e-01,3.371048875895e+06,6.774889363591e+03,8.578967171374e+03,1.801785469923e+00,3.568856393345e+00,4.879863576605e-01
8.606250000000e+01,9.576405330942e+01,2.580047736117e+06,2.792943582310e+06,2.711882754101e+06,4.015197717380e+03,5.619507961027e+03,1.191397224301e+00,3.484209468665e+00,4.815765767455e-01,2.667508271508e+06,4.152519850369e+03,5.470300203030e+03,1.159763545703e+00,3.553178750379e+00,4.665692244159e-01,2.670627485248e+06,5.051818089338e+03,6.651372654125e+03,1.410163838698e+00,3.123765268203e+00,5.262840520020e-01,2.718111033402e+06,4.399990533980e+03,6.154438823440e+03,1.304808424907e+00,3.102370861119e+00,4.957083345568e-01,2.677347975942e+06,4.324249064560e+03,5.990689838129e+03,1.270091846883e+00,3.071066860604e+00,4.831627875732e-01,3.337364810300e+06,6.712870990286e+03,8.502023892053e+03,1.802522166742e+00,3.531106634701e+00,4.934088445140e-01
8.706250000000e+01,9.666374142485e+01,2.552928900686e+06,2.766948538967e+06,2.688491997486e+06,3.967328009709e+03,5.550348458357e+03,1.187789888111e+00,3.454467199268e+00,4.837314368535e-01,2.645911979542e+06,4.102030797529e+03,5.400924094194e+03,1.155812661794e+00,3.521502216741e+00,4.680267821478e-01,2.648394931680e+06,5.009094442940e+03,6.582586108615e+03,1.408691594068e+00,3.081230665253e+00,5.281186776366e-01,2.696037823365e+06,4.343673325406e+03,6.084563112471e+03,1.302113298434e+00,3.062068987194e+00,4.976536044624e-01,2.652785010553e+06,4.311958939150e+03,5.922038853380e+03,1.267332658449e+00,3.031160394469e+00,4.848289871410e-01,3.298521434817e+06,6.639657457709e+03,8.423644556100e+03,1.802683182839e+00,3.500156682159e+00,4.843580567575e-01
8.806250000000e+01,9.756538272487e+01,2.526285261153e+06,2.741378044514e+06,2.665485295113e+06,3.920505952971e+03,5.482813398067e+03,1.184281625987e+00,3.425058298262e+00,4.859502152247e-01,2.621736155154e+06,4.055927253878e+03,5.332999315037e+03,1.151921949856e+00,3.493434995726e+00,4.706940055444e-01,2.625043491320e+06,4.966957451899e+03,6.514415075427e+03,1.407106446592e+00,3.041769100408e+00,5.297055808069e-01,2.673385601120e+06,4.300714717979e+03,6.018343483751e+03,1.299955531807e+00,3.022250382363e+00,4.996756321687e-01,2.631283647933e+06,4.275854282428e+03,5.854194307659e+03,1.264499491440e+00,2.992897770457e+00,4.871856698052e-01,3.261116493778e+06,6.565232025708e+03,8.345327117349e+03,1.802581421321e+00,3.473775428371e+00,4.864223047673e-01
8.906250000000e+01,9.846892355586e+01,2.500106467681e+06,2.716223438300e+06,2.642621353123e+06,3.874213593126e+03,5.416726673511e+03,1.180842255097e+00,3.396324734724e+00,4.882232342671e-01,2.600857451662e+06,4.020396852978e+03,5.266505433982e+03,1.148094140240e+00,3.463889901576e+00,4.723089484633e-01,2.603139622588e+06,4.925997933990e+03,6.447269324714e+03,1.405499761662e+00,3.001536813044e+00,5.314287505888e-01,2.650658671104e+06,4.268324792381e+03,5.954888648452e+03,1.298161152357e+00,2.982875282025e+00,5.024309248572e-01,2.607511517266e+06,4.186635527507e+03,5.790381380992e+03,1.262298694382e+00,2.954968514784e+00,4.897000206931e-01,3.226224681634e+06,6.501623362481e+03,8.279704910596e+03,1.804969312181e+00,3.448221071846e+00,4.809423104785e-01
9.006250000000e+01,9.937431210454e+01,2.474382387340e+06,2.691476221996e+06,2.620753347931e+06,3.828341021993e+03,5.351742607051e+03,1.177402968896e+00,3.368194477910e+00,4.905476055665e-01,2.578251423510e+06,3.977789085083e+03,5.202049312016e+03,1.144469895888e+00,3.436473797987e+00,4.751669387911e-01,2.579659874822e+06,4.885059880144e+03,6.382362120960e+03,1.404143035558e+00,2.961392499820e+00,5.328337856046e-01,2.628200840396e+06,4.232603069692e+03,5.892447036527e+03,1.296359923164e+00,2.943713293183e+00,5.044495822339e-01,2.586550923395e+06,4.135715303517e+03,5.732271453932e+03,1.261120708512e+00,2.917138207507e+00,4.913083895020e-01,3.193301819090e+06,6.427573657444e+03,8.229099649899e+03,1.810432053733e+00,3.421762294259e+00,4.786025201235e-01
9.106250000000e+01,1.002814983247e+02,2.449103103313e+06,2.667128060258e+06,2.599215939031e+06,3.782909698564e+03,5.287831101522e+03,1.173962332695e+00,3.340782720561e+00,4.929264250518e-01,2.555974801088e+06,3.925619608483e+03,5.138648861086e+03,1.140842074575e+00,3.406349364047e+00,4.768802827038e-01,2.559123553240e+06,4.845594162813e+03,6.319326512945e+03,1.402966764969e+00,2.921745019800e+00,5.344807827821e-01,2.606225407370e+06,4.188927114248e+03,5.830976133684e+03,1.294547086011e+00,2.904261720889e+00,5.065075239911e-01,2.563995303315e+06,4.055455678672e+03,5.678542723891e+03,1.260705029049e+00,2.879745621437e+00,4.939368604908e-01,3.161684746317e+06,6.353177732129e+03,8.183399596952e+03,1.816813490403e+00,3.394377460003e+00,4.808248259269e-01
9.206250000000e+01,1.011904338673e+02,2.424258913631e+06,2.643170780919e+06,2.577685841396e+06,3.737952715540e+03,5.224965271884e+03,1.170519463661e+00,3.312657181593e+00,4.953667547824e-01,2.535483634066e+06,3.878172014522e+03,5.076346520681e+03,1.137225244102e+00,3.379151443546e+00,4.800032310981e-01,2.537504522347e+06,4.806306339473e+03,6.252319733401e+03,1.400671882042e+00,2.882753897623e+00,5.356344744914e-01,2.585004652422e+06,4.139522056078e+03,5.771928893174e+03,1.293052634949e+00,2.866397919258e+00,5.085957971209e-01,2.542440720724e+06,4.031524546476e+03,5.627416275901e+03,1.260678289386e+00,2.842955058664e+00,4.955550005233e-01,3.130999691295e+06,6.288057166578e+03,8.136564104604e+03,1.822788507899e+00,3.366205849818e+00,4.722458035994e-01
9.306250000000e+01,1.021010720132e+02,2.399840329499e+06,2.619596374776e+06,2.555736323885e+06,3.693642526113e+03,5.163220277710e+03,1.167096399047e+00,3.283379292104e+00,4.978776613735e-01,2.514481072793e+06,3.851404126807e+03,5.015113191064e+03,1.133618213302e+00,3.352427920342e+00,4.818029719320e-01,2.515413387594e+06,4.768031989348e+03,6.178207107480e+03,1.396524432404e+00,2.844434471788e+00,5.372991706754e-01,2.564045756877e+06,4.091989913287e+03,5.716508575699e+03,1.292161909617e+00,2.829964137562e+00,5.107063758182e-01,2.521802486673e+06,3.962322842331e+03,5.577009373615e+03,1.260629453579e+00,2.806830707592e+00,4.972344506226e-01,3.101399227883e+06,6.240011046755e+03,8.087294478284e+03,1.828055313539e+00,3.337519895879e+00,4.809502213296e-01
9.406250000000e+01,1.030133676095e+02,2.375838073273e+06,2.596396995004e+06,2.533541098994e+06,3.650054237291e+03,5.103020297504e+03,1.163795447749e+00,3.255740274420e+00,4.987897021528e-01,2.493386492936e+06,3.793755205158e+03,4.954208666870e+03,1.129857448641e+00,3.323269318720e+00,4.836862637226e-01,2.494569036073e+06,4.730696308064e+03,6.105887078707e+03,1.392509371390e+00,2.806707394776e+00,5.382160789278e-01,2.543777860905e+06,4.029710701723e+03,5.664877954563e+03,1.291932775341e+00,3.021436812175e+00,5.128348514511e-01,2.500699132770e+06,3.928612583360e+03,5.526777670132e+03,1.260437607188e+00,2.771379904653e+00,5.000066427194e-01,3.077438933013e+06,6.174990935138e+03,8.035690642706e+03,1.832620613732e+00,3.309578174746e+00,4.688726216621e-01
9.506250000000e+01,1.039272770078e+02,2.352243076112e+06,2.573564956258e+06,2.513715635443e+06,3.607030358385e+03,5.046551944635e+03,1.161127924591e+00,3.230207506074e+00,5.013678663484e-01,2.472488070352e+06,3.754169127802e+03,4.892727033768e+03,1.125735363202e+00,3.295208698565e+00,4.856374765528e-01,2.474507499077e+06,4.694010834088e+03,6.047387279343e+03,1.391403540060e+00,2.769412731050e+00,5.389706059355e-01,2.523879188643e+06,4.029999627509e+03,5.615730813564e+03,1.292086544665e+00,3.007757963589e+00,5.149826569185e-01,2.479524032380e+06,3.909608533484e+03,5.476860428051e+03,1.260134771596e+00,2.736575821242e+00,5.016824405187e-01,3.054491375541e+06,6.084831421385e+03,7.982443773872e+03,1.836627953899e+00,3.281579851608e+00,4.799078822172e-01
9.606250000000e+01,1.048427580057e+02,2.329046475380e+06,2.551092733481e+06,2.492404617581e+06,3.564571080509e+03,4.994126649264e+03,1.159187694397e+00,3.201874629016e+00,5.040439728128e-01,2.451965211028e+06,3.715100592596e+03,4.829135675026e+03,1.120891607722e+00,3.267869390966e+00,4.876451523051e-01,2.454384355652e+06,4.658011757118e+03,6.006731600790e+03,1.394223623906e+00,2.732294467428e+00,5.395694127720e-01,2.504117702727e+06,3.990639392382e+03,5.567651097029e+03,1.292308563965e+00,2.990974974607e+00,5.171569949473e-01,2.458556113981e+06,3.850268882642e+03,5.427247324276e+03,1.259719417343e+00,2.702365303938e+00,5.034012934747e-01,3.032045470812e+06,6.035423132456e+03,7.927961399688e+03,1.840160641005e+00,3.254299427457e+00,4.656204139755e-01
9.706250000000e+01,1.057597697910e+02,2.306239611801e+06,2.528972960466e+06,2.472112211537e+06,3.523073236511e+03,4.944390478371e+03,1.157681335804e+00,3.175311006626e+00,5.051218117379e-01,2.431905529620e+06,3.676534892543e+03,4.763089180969e+03,1.115231385890e+00,3.240977895397e+00,4.912121683316e-01,2.434378536816e+06,4.622719576700e+03,5.979781081740e+03,1.400108057971e+00,2.972607460653e+00,5.400241623017e-01,2.484183012852e+06,3.950536130072e+03,5.520058417168e+03,1.292468430650e+00,2.972246131214e+00,5.193688310047e-01,2.438511952255e+06,3.800160832346e+03,5.378980205331e+03,1.259436328221e+00,2.668664316758e+00,5.051600490641e-01,3.014684828916e+06,5.971909976942e+03,7.873269553005e+03,1.843450118500e+00,3.227674432652e+00,4.773751615934e-01
9.806250000000e+01,1.066782728875e+02,2.283814026432e+06,2.507198428200e+06,2.451868356738e+06,3.481937084937e+03,4.896357226814e+03,1.156391377379e+00,3.149386120289e+00,5.078815704805e-01,2.412317192558e+06,3.638431182803e+03,4.693621304337e+03,1.108510460653e+00,3.214403346230e+00,4.933272527880e-01,2.414582760669e+06,4.588102577843e+03,5.957446307345e+03,1.406992836080e+00,2.951697173920e+00,5.403500127316e-01,2.463685095911e+06,3.871590849316e+03,5.473056476143e+03,1.292592640558e+00,2.952883358567e+00,5.216297895465e-01,2.418893136465e+06,3.785158615889e+03,5.335701005715e+03,1.260152874772e+00,2.635340797921e+00,5.069552592021e-01,2.998373965903e+06,5.917676424040e+03,7.818937545492e+03,1.846628327761e+00,3.201917832189e+00,4.641382261201e-01
9.906250000000e+01,1.075982291037e+02,2.261761457464e+06,2.485762083025e+06,2.431915428587e+06,3.441200640885e+03,4.849795671025e+03,1.155272241880e+00,3.122659431084e+00,5.107680386585e-01,2.393137458600e+06,3.600746116721e+03,4.618209392402e+03,1.100105959125e+00,3.188166392671e+00,4.955025554528e-01,2.395014910118e+06,4.554109472259e+03,5.931052613690e+03,1.412838996633e+00,2.931059701136e+00,5.422177532899e-01,2.444944233457e+06,3.838402193635e+03,5.427473866288e+03,1.292881252444e+00,2.933843705915e+00,5.226576022944e-01,2.399328558825e+06,3.722229919347e+03,5.299872768190e+03,1.262485331323e+00,2.602181428285e+00,5.087847992589e-01,2.987904919800e+06,5.833306385063e+03,7.765438812388e+03,1.849809046506e+00,3.176680478918e+00,4.738388549605e-01
